,EEM__ret,FTSE100__ret,GOLD_FUT__ret,IEF__ret,NIKKEI225__ret,SP500__ret
2018-01-01 00:00:00,0.0016612187,0.0006406456,-0.005214557,0.0034345305,-0.012597784,0.006778013
2018-01-02 00:00:00,0.0020912066,3.580749e-05,-0.005481541,0.0031611836,-0.01247929,0.006643422
2018-01-03 00:00:00,0.002233766,1.41859055e-05,-0.0057555735,0.0033011055,-0.012479395,0.006421961
2018-01-04 00:00:00,0.0018737614,-4.4725835e-05,-0.0053087845,0.00363814,-0.01246307,0.0062409043
2018-01-05 00:00:00,0.0020307451,0.00023655593,-0.005590275,0.0038209176,-0.0127404705,0.006166011
2018-01-08 00:00:00,0.0024034083,0.0002065599,-0.0059596,0.0038349247,-0.012871161,0.0059033036
2018-01-09 00:00:00,0.0028889105,0.00017726421,-0.005933009,0.00358536,-0.012360282,0.005528182
2018-01-10 00:00:00,0.0034616813,-0.00010322034,-0.006174147,0.003465644,-0.012328401,0.005246438
2018-01-11 00:00:00,0.0038381815,-0.00028228015,-0.0060915276,0.0032893633,-0.012079507,0.004871607
2018-01-12 00:00:00,0.0039526373,-0.00034096837,-0.006081477,0.003269664,-0.011793338,0.0046670884
2018-01-15 00:00:00,0.003752157,-0.00034902245,-0.006294608,0.0030972576,-0.011789903,0.004566334
2018-01-16 00:00:00,0.0034541115,-0.00022873282,-0.0065782964,0.0031625843,-0.011902839,0.0046809018
2018-01-17 00:00:00,0.0029436126,1.8015504e-05,-0.0068917945,0.003436557,-0.012325108,0.0044126213
2018-01-18 00:00:00,0.002662778,7.754564e-05,-0.0075255036,0.0035997247,-0.012821235,0.0042487085
2018-01-19 00:00:00,0.0025379434,0.00070109963,-0.007760443,0.0037733233,-0.012830704,0.00425788
2018-01-22 00:00:00,0.0025430098,0.0009970218,-0.0082469955,0.0041489517,-0.013588399,0.0040914863
2018-01-23 00:00:00,0.0024730936,0.0010612309,-0.008356281,0.004492662,-0.013376966,0.0042603016
2018-01-24 00:00:00,0.0021673068,0.0008133054,-0.007888138,0.004913292,-0.013008952,0.0042241663
2018-01-25 00:00:00,0.0023382008,0.00088590384,-0.007713057,0.005260012,-0.012496717,0.004308805
2018-01-26 00:00:00,0.0021887794,0.0006609261,-0.0072462484,0.0056349253,-0.012182087,0.004096769
2018-01-29 00:00:00,0.0023417026,0.0003298372,-0.0073761195,0.0058289086,-0.011731274,0.0039886385
2018-01-30 00:00:00,0.0034025684,0.00027886033,-0.007732697,0.005830935,-0.011234492,0.003990382
2018-01-31 00:00:00,0.0046226755,0.00039567798,-0.0072671175,0.0057614064,-0.00961186,0.0040271506
2018-02-01 00:00:00,0.0052454695,0.00049446523,-0.006354183,0.0061494326,-0.008561075,0.0037829205
2018-02-02 00:00:00,0.005847484,0.00054266304,-0.006209515,0.0066383993,-0.008512184,0.0037500858
2018-02-05 00:00:00,0.006583549,0.00085772574,-0.0058782846,0.0068431413,-0.008363053,0.003934309
2018-02-06 00:00:00,0.0074770376,0.0017674267,-0.005719185,0.0068961596,-0.00789398,0.0041047186
2018-02-07 00:00:00,0.007654555,0.002461858,-0.005439222,0.007174692,-0.0067474395,0.004561968
2018-02-08 00:00:00,0.007785231,0.0024724826,-0.0055911765,0.0078018224,-0.007100001,0.004797086
2018-02-09 00:00:00,0.009215131,0.0037142336,-0.006318055,0.007998637,-0.0071938485,0.005574085
2018-02-12 00:00:00,0.009558536,0.0041798055,-0.0063063204,0.008075497,-0.0064675063,0.0063076243
2018-02-13 00:00:00,0.009280071,0.0043300837,-0.0062947273,0.008169017,-0.0064621195,0.0061564296
2018-02-14 00:00:00,0.009247258,0.0044704527,-0.0062836707,0.007947407,-0.006219752,0.0062826723
2018-02-15 00:00:00,0.008759461,0.004469812,-0.007207535,0.007844499,-0.006715849,0.0064187497
2018-02-16 00:00:00,0.0068814084,0.0041843206,-0.0074319392,0.007796756,-0.0067234114,0.0061326474
2018-02-19 00:00:00,0.005869627,0.0036073402,-0.0069248155,0.007954738,-0.0065908134,0.0055831075
2018-02-20 00:00:00,0.0062178746,0.0034002364,-0.006877452,0.008016757,-0.0061600134,0.00526312
2018-02-21 00:00:00,0.0070289373,0.0033318996,-0.006721355,0.007797531,-0.005582504,0.0047862977
2018-02-22 00:00:00,0.007658921,0.0033245608,-0.006799102,0.0075403666,-0.005592823,0.0047137663
2018-02-23 00:00:00,0.0077860355,0.003834933,-0.006166175,0.007500819,-0.0051840395,0.0049336404
2018-02-26 00:00:00,0.0062266737,0.004576467,-0.005525574,0.008116773,-0.005244896,0.005410075
2018-02-27 00:00:00,0.004800372,0.004725702,-0.005906306,0.008220843,-0.005771287,0.0053713173
2018-02-28 00:00:00,0.004387684,0.004460737,-0.006804608,0.007929138,-0.006428376,0.005056888
2018-03-01 00:00:00,0.0039776415,0.0042916834,-0.006941274,0.007762662,-0.006072983,0.0048062727
2018-03-02 00:00:00,0.0033273697,0.0042930692,-0.0067937374,0.007202334,-0.005521007,0.004838772
2018-03-05 00:00:00,0.0036495328,0.0043110996,-0.0073074996,0.0064838445,-0.0049251243,0.0050245672
2018-03-06 00:00:00,0.0031059012,0.003597051,-0.007093206,0.005991063,-0.0041615665,0.00517302
2018-03-07 00:00:00,0.0023416728,0.0033630505,-0.0072342455,0.0053681945,-0.0040736496,0.005153656
2018-03-08 00:00:00,0.0019464716,0.0028517842,-0.006972939,0.0051233685,-0.0040183812,0.004246719
2018-03-09 00:00:00,0.0016158745,0.0020405054,-0.006206453,0.004755757,-0.00291273,0.0032078624
2018-03-12 00:00:00,0.0021889135,0.0020058304,-0.006371565,0.004541493,-0.0024473593,0.0025911182
2018-03-13 00:00:00,0.002502799,0.0021198392,-0.0058887824,0.0045995926,-0.0021117032,0.0021706074
2018-03-14 00:00:00,0.0031111836,0.0024895072,-0.005543649,0.004781536,-0.0021103397,0.0021754578
2018-03-15 00:00:00,0.003546685,0.0021711737,-0.0050276816,0.0049078083,-0.0018508434,0.0019476786
2018-03-16 00:00:00,0.004859723,0.00171718,-0.005006194,0.004870168,-0.0015874058,0.0012639761
2018-03-19 00:00:00,0.005994506,0.0009999424,-0.005106449,0.0044480627,-0.0015454888,0.00066003203
2018-03-20 00:00:00,0.0075228885,0.0011202991,-0.0053106546,0.003894425,-0.0015778169,0.000623405
2018-03-21 00:00:00,0.007929243,0.0010388345,-0.004657708,0.003947369,-0.0013114437,0.000929147
2018-03-22 00:00:00,0.008524016,0.0016734824,-0.004643008,0.0041329926,-0.0011937022,0.0011118576
2018-03-23 00:00:00,0.009015031,0.0022512004,-0.005161196,0.0038332557,-0.0018064454,0.0018418133
2018-03-26 00:00:00,0.009653121,0.0025643557,-0.0052666217,0.0035525477,-0.001479961,0.002693683
2018-03-27 00:00:00,0.008920856,0.0020234734,-0.0046319813,0.0037524616,-0.000872314,0.002797611
2018-03-28 00:00:00,0.008463122,0.0014243871,-0.0044232085,0.0032283878,-0.0011800751,0.0029678568
2018-03-29 00:00:00,0.00913316,0.0011843145,-0.0047531575,0.0023436463,-0.0012714565,0.0032672808
2018-03-30 00:00:00,0.008850284,0.000929147,-0.004385151,0.0016680425,-0.0010501072,0.003138803
2018-04-02 00:00:00,0.00869669,0.0010820478,-0.004335001,0.0015913164,-0.0021766871,0.0027417988
2018-04-03 00:00:00,0.009374656,0.0010558739,-0.0041627586,0.001709736,-0.003449127,0.0029338077
2018-04-04 00:00:00,0.009394325,0.00093333423,-0.0034506842,0.0019852584,-0.0031472147,0.0026543736
2018-04-05 00:00:00,0.009609304,0.000763841,-0.002796337,0.0021722978,-0.0026789382,0.0022699982
2018-04-06 00:00:00,0.009981468,0.0005566925,-0.002341874,0.0022285646,-0.0025310963,0.0022358
2018-04-09 00:00:00,0.010998778,0.00096203387,-0.0021250844,0.0018109893,-0.0018835142,0.0023635998
2018-04-10 00:00:00,0.011470243,0.0007741377,-0.0016475692,0.001763693,-0.0015684664,0.0020164996
2018-04-11 00:00:00,0.011147417,0.00035689026,-0.00079861283,0.0017269915,-0.0013965666,0.0017946512
2018-04-12 00:00:00,0.010537729,0.00074213,-0.0003344342,0.001678816,-0.0022348017,0.0018560812
2018-04-13 00:00:00,0.009584792,0.00096811354,-0.0005925074,0.0014457619,-0.0034517646,0.002491556
2018-04-16 00:00:00,0.009042971,0.0009822249,-0.0011727363,0.0006002104,-0.0039582998,0.0030326322
2018-04-17 00:00:00,0.008777745,0.0007553473,-0.001636073,-4.7394074e-05,-0.0040144473,0.0034086257
2018-04-18 00:00:00,0.0079427585,0.00050184876,-0.001842387,-0.000339129,-0.0047261342,0.0041003823
2018-04-19 00:00:00,0.007152833,1.9662082e-05,-0.0026079938,-0.00074280147,-0.0057889223,0.0046430305
2018-04-20 00:00:00,0.0068739727,-0.00020275265,-0.0034544468,-0.0012143338,-0.006127365,0.0050442293
2018-04-23 00:00:00,0.006693147,-0.00044849515,-0.00361529,-0.0014560157,-0.0067039505,0.0048509687
2018-04-24 00:00:00,0.0064730123,-0.00091153383,-0.0026564673,-0.001392805,-0.0062574,0.0046982467
2018-04-25 00:00:00,0.007316321,-0.0011902526,-0.001957506,-0.0010099942,-0.0064466447,0.0045081675
2018-04-26 00:00:00,0.00875771,-0.0015459806,-0.0014195964,-0.00095183495,-0.005740635,0.0044346154
2018-04-27 00:00:00,0.00881543,-0.002393037,0.00027871132,-0.00060684327,-0.0039087534,0.003926873
2018-04-30 00:00:00,0.007814847,-0.0031461343,0.0009101331,-0.00026225392,-0.0036320165,0.003079623
2018-05-01 00:00:00,0.0069782957,-0.0039183944,0.0001501739,-0.00030667428,-0.0042685866,0.0024863482
2018-05-02 00:00:00,0.0065284967,-0.004853353,-0.00048679113,-0.00044392888,-0.005744219,0.0014281049
2018-05-03 00:00:00,0.005841188,-0.00492505,-0.0007842779,-0.0007409239,-0.0057102665,0.0009961873
2018-05-04 00:00:00,0.003461033,-0.005760856,-0.00035080314,-0.0007533068,-0.006074965,0.0007013753
2018-05-07 00:00:00,0.0025362447,-0.006299734,-0.0005151406,-0.00051424745,-0.0074802786,0.00033040345
2018-05-08 00:00:00,0.0026773736,-0.006700486,-0.00074192137,-0.0006380314,-0.008194961,0.00063991547
2018-05-09 00:00:00,0.002927348,-0.0070827976,-0.0015424713,-0.00094395224,-0.0085777715,0.0005562976
2018-05-10 00:00:00,0.0029840097,-0.0075763166,-0.0016593337,-0.0013934607,-0.008414671,0.0004210621
2018-05-11 00:00:00,0.0031087175,-0.0073615313,-0.0013316125,-0.0014930451,-0.008240588,0.0011193156
2018-05-14 00:00:00,0.0031498298,-0.0067146644,-0.0018536896,-0.0016806656,-0.008345842,0.0020608976
2018-05-15 00:00:00,0.002831377,-0.00651478,-0.0020285994,-0.001872831,-0.008897901,0.0025232062
2018-05-16 00:00:00,0.0025550798,-0.0064142942,-0.0018827617,-0.0016578967,-0.009765811,0.003071934
2018-05-17 00:00:00,0.0016057119,-0.006495476,-0.0005701706,-0.001250037,-0.00910826,0.0032953396
2018-05-18 00:00:00,0.0018959418,-0.006766811,-0.0005581677,-0.0010485435,-0.009264626,0.0027377754
2018-05-21 00:00:00,0.0031970292,-0.0063587427,-0.00055871904,-0.0012437487,-0.00920511,0.0022301227
2018-05-22 00:00:00,0.003848873,-0.005828388,-0.00020384043,-0.0012948299,-0.009055711,0.0023912117
2018-05-23 00:00:00,0.0036907569,-0.005394891,0.00012318045,-0.0012707198,-0.008760981,0.0027541816
2018-05-24 00:00:00,0.0036937222,-0.0048474297,0.0001841411,-0.0011510933,-0.008881278,0.0031741709
2018-05-25 00:00:00,0.0033089444,-0.0042636767,-1.462549e-05,-0.0008008862,-0.009826109,0.0032755584
2018-05-28 00:00:00,0.0019960254,-0.0037011355,0.00020883232,-0.0004058564,-0.010623448,0.0035835132
2018-05-29 00:00:00,0.0013670102,-0.0025663823,-0.00041080266,-0.00040144566,-0.011842757,0.0042477995
2018-05-30 00:00:00,0.00024279207,-0.0015282631,-0.00048355758,-0.00055784825,-0.012729712,0.0049886405
2018-05-31 00:00:00,0.00048099458,-0.0014570877,-0.0015177354,-0.00087202433,-0.0139305,0.005490862
2018-06-01 00:00:00,0.0011079907,-0.00095133483,-0.0021246,-0.00056279544,-0.015026398,0.0057389513
2018-06-04 00:00:00,0.0005960539,-0.0004749745,-0.0015418753,0.00017099734,-0.015623048,0.006044671
2018-06-05 00:00:00,1.9803643e-05,0.00022263825,-0.0016009212,0.0008014357,-0.016418941,0.0068595
2018-06-06 00:00:00,-0.00026915222,0.0008453727,-0.0012050048,0.0010139262,-0.015751667,0.007778991
2018-06-07 00:00:00,-2.2947788e-05,0.0012002885,-0.00087373704,0.0015088534,-0.0153016,0.008282725
2018-06-08 00:00:00,0.00028987974,0.0012389645,-0.000336051,0.0017589545,-0.014767483,0.0078012496
2018-06-11 00:00:00,0.0011247173,0.0010626763,-9.94578e-05,0.0018162942,-0.01453802,0.0072342716
2018-06-12 00:00:00,0.0010006055,0.00030326098,-7.966161e-05,0.0016751206,-0.014663354,0.0069333054
2018-06-13 00:00:00,0.00070554763,6.899983e-05,-0.00051481277,0.0012663519,-0.014982894,0.006915707
2018-06-14 00:00:00,0.00020699203,0.00010167807,-0.0009460598,0.00088461395,-0.016127884,0.007062245
2018-06-15 00:00:00,-0.0013924614,-0.000113502145,-0.00016716123,0.0013917899,-0.016360328,0.00710072
2018-06-18 00:00:00,-0.0027045757,0.00046370924,-0.0005668849,0.0017447686,-0.016468033,0.007837627
2018-06-19 00:00:00,-0.002258204,0.0008738786,-0.0016706884,0.0017875051,-0.017390661,0.007915884
2018-06-20 00:00:00,-0.0030263886,0.0011042729,-0.0020854622,0.0018326258,-0.01759182,0.00870901
2018-06-21 00:00:00,-0.0039394647,0.0010391772,-0.002728805,0.002072028,-0.017976195,0.008887064
2018-06-22 00:00:00,-0.0036402792,0.00082983077,-0.0032456592,0.0017683422,-0.017869882,0.008816015
2018-06-25 00:00:00,-0.00393907,-0.0003611818,-0.0024781674,0.0013846671,-0.016808204,0.008221593
2018-06-26 00:00:00,-0.0046757087,-0.00017558783,-0.0020719916,0.0012454605,-0.015833214,0.008085899
2018-06-27 00:00:00,-0.0050676093,1.0296702e-05,-0.0015077963,0.0013817763,-0.016197518,0.008666009
2018-06-28 00:00:00,-0.005096726,0.00042372942,-0.0009682104,0.0014851904,-0.016363569,0.009684954
2018-06-29 00:00:00,-0.005253859,0.0011764318,-0.0006303489,0.0016774749,-0.01569169,0.010339651
2018-07-02 00:00:00,-0.006097652,0.0016426295,-0.00042936206,0.00192698,-0.015283197,0.010607179
2018-07-03 00:00:00,-0.0063081086,0.0020104796,-0.0002040714,0.0018244004,-0.014160603,0.010458872
2018-07-04 00:00:00,-0.006380327,0.0025770664,-0.0003349185,0.0016330397,-0.013560019,0.0099971555
2018-07-05 00:00:00,-0.007486306,0.0028659552,-0.0007370189,0.0013473546,-0.013504058,0.009563696
2018-07-06 00:00:00,-0.008322082,0.0028273836,-0.00073088706,0.0012045717,-0.01380983,0.009093907
2018-07-09 00:00:00,-0.009015799,0.0031981021,-0.00024145842,0.0016657626,-0.013554826,0.009032033
2018-07-10 00:00:00,-0.00873749,0.0032619163,-0.00027053803,0.0019486165,-0.013967425,0.0086911805
2018-07-11 00:00:00,-0.007686481,0.003886193,-0.00076603144,0.001580379,-0.013619937,0.00836277
2018-07-12 00:00:00,-0.007069081,0.0045691878,-0.00061170757,0.0010342514,-0.012659565,0.008671772
2018-07-13 00:00:00,-0.0072675273,0.004698597,-0.0005177334,0.0006633019,-0.012634523,0.009017538
2018-07-16 00:00:00,-0.007677451,0.004393816,-0.0006316006,0.00021874066,-0.012865938,0.009243283
2018-07-17 00:00:00,-0.007382758,0.0043479055,-0.000784114,0.0003281748,-0.013499655,0.00894912
2018-07-18 00:00:00,-0.008124642,0.003944397,-0.00038482994,0.0007982766,-0.013616927,0.008520853
2018-07-19 00:00:00,-0.008109756,0.0038661435,-0.0004479438,0.0011075055,-0.014117695,0.007971946
2018-07-20 00:00:00,-0.0071739852,0.0044344887,-0.00093728304,0.0010244763,-0.014726438,0.007703781
2018-07-23 00:00:00,-0.0062594935,0.0050966144,-0.0012039617,0.00094764587,-0.014746882,0.007823005
2018-07-24 00:00:00,-0.0059758723,0.0048733056,-0.0011807904,0.00094111916,-0.01467979,0.007831994
2018-07-25 00:00:00,-0.006130114,0.0050070137,-0.00040813535,0.0009336984,-0.013980858,0.0081139095
2018-07-26 00:00:00,-0.0063968226,0.00483647,-0.0001520142,0.0008469736,-0.013538882,0.008535448
2018-07-27 00:00:00,-0.0062915757,0.004343316,-0.00067922473,0.00047435518,-0.013090484,0.00850001
2018-07-30 00:00:00,-0.0059723333,0.0043564662,-0.000944376,0.00016444083,-0.012574948,0.008487195
2018-07-31 00:00:00,-0.0057402626,0.0044139773,-0.0012127161,0.0002383804,-0.012420461,0.008330569
2018-08-01 00:00:00,-0.005931586,0.0042674392,-0.0010194778,0.00064089056,-0.012324102,0.008473128
2018-08-02 00:00:00,-0.004941441,0.00515569,-0.0012677163,0.00089590903,-0.012313649,0.009046275
2018-08-03 00:00:00,-0.0038891956,0.005614221,-0.0012843981,0.0012715077,-0.012182176,0.009126753
2018-08-06 00:00:00,-0.003481701,0.0053278133,-0.0007038936,0.0015319502,-0.011534095,0.009168677
2018-08-07 00:00:00,-0.0032906458,0.0048887134,-0.0005476847,0.0016477322,-0.011147842,0.00903482
2018-08-08 00:00:00,-0.0034450516,0.0044338256,-0.00074385107,0.0014718985,-0.010831669,0.008925166
2018-08-09 00:00:00,-0.0034750178,0.0035374016,-0.0009947047,0.0011255955,-0.010788426,0.008270457
2018-08-10 00:00:00,-0.0038079545,0.0032436326,-0.0009171814,0.00074582454,-0.010125235,0.00807371
2018-08-13 00:00:00,-0.0036380515,0.0029333532,-0.00068075955,0.00041206833,-0.009627461,0.007871106
2018-08-14 00:00:00,-0.0035683438,0.0029974952,-0.00034802407,0.000120571814,-0.009124152,0.007975981
2018-08-15 00:00:00,-0.0037240982,0.0030737668,0.00014793128,0.00014837738,-0.009113491,0.0080292
2018-08-16 00:00:00,-0.0030826926,0.0035079345,0.00020358711,-0.00017509703,-0.009222187,0.007998146
2018-08-17 00:00:00,-0.0024715215,0.0031889677,0.0005457178,-0.0005624378,-0.009370953,0.00814043
2018-08-20 00:00:00,-0.0018560886,0.0033046529,0.0006427318,-0.00092224125,-0.009395234,0.008249752
2018-08-21 00:00:00,-0.0018723011,0.003027536,0.0011167079,-0.0010475898,-0.009424306,0.007890746
2018-08-22 00:00:00,-0.0015731528,0.0025767535,0.0010554194,-0.00092727784,-0.009329632,0.0076840855
2018-08-23 00:00:00,-0.0021113753,0.0025152862,0.0018363819,-0.00081957225,-0.0089003965,0.0073459633
2018-08-24 00:00:00,-0.002635099,0.0028202236,0.0018894449,-0.0009499276,-0.008889951,0.0075425133
2018-08-27 00:00:00,-0.0027451664,0.0031747296,0.0015309006,-0.0012802565,-0.00916785,0.007631682
2018-08-28 00:00:00,-0.0031354353,0.003395453,0.0014485419,-0.001547643,-0.009283729,0.007874392
2018-08-29 00:00:00,-0.0030530095,0.0031875223,0.0011488795,-0.0015439177,-0.009707645,0.007925853
2018-08-30 00:00:00,-0.0029204711,0.0034034327,0.00095102936,-0.0016872371,-0.009248912,0.008037604
2018-08-31 00:00:00,-0.002422817,0.0036051571,0.0005206913,-0.0017224038,-0.009356424,0.008002151
2018-09-03 00:00:00,-0.0016075596,0.004398696,-0.00013909489,-0.0016779387,-0.009581313,0.008072011
2018-09-04 00:00:00,-0.0009847134,0.0049533695,-0.00032743067,-0.0016144002,-0.009538531,0.008108906
2018-09-05 00:00:00,-0.0002963096,0.0053754896,-0.00069942325,-0.001272508,-0.009840146,0.008159727
2018-09-06 00:00:00,-5.7920814e-05,0.0056474432,-0.0006554499,-0.0011269236,-0.009626299,0.008597378
2018-09-07 00:00:00,0.00010303408,0.0058793128,-0.001086764,-0.0013465369,-0.009605229,0.008870147
2018-09-10 00:00:00,3.2924116e-05,0.005341515,-0.0012655929,-0.0013568485,-0.010217562,0.008766681
2018-09-11 00:00:00,0.00015511364,0.0050023794,-0.000687778,-0.0015297318,-0.009789526,0.008706316
2018-09-12 00:00:00,0.0003061965,0.004788816,-0.00042304397,-0.0011625076,-0.010098182,0.008261241
2018-09-13 00:00:00,0.00033538043,0.004674606,0.0007003993,-0.00062847976,-0.009779558,0.00775614
2018-09-14 00:00:00,0.00039548427,0.0046739727,0.0013647974,-6.6543e-06,-0.009508617,0.0077618547
2018-09-17 00:00:00,0.00072462857,0.0048781037,0.0015200973,0.000533632,-0.009321243,0.0075527057
2018-09-18 00:00:00,0.00083746016,0.0042988956,0.0018324554,0.0008670008,-0.009300992,0.007171996
2018-09-19 00:00:00,0.000971064,0.0039748177,0.0016386285,0.0011264896,-0.009027541,0.006930895
2018-09-20 00:00:00,0.0008403063,0.0037705153,0.0016435981,0.0015230095,-0.008644484,0.0067029335
2018-09-21 00:00:00,0.00040803105,0.0034361333,0.0015206188,0.0016751802,-0.008476183,0.00648956
2018-09-24 00:00:00,-0.00025763363,0.0028608292,0.0011287108,0.0016868031,-0.008701183,0.006433204
2018-09-25 00:00:00,-0.00014343113,0.0032725781,0.00023981184,0.0018768823,-0.00920669,0.0065591633
2018-09-26 00:00:00,-0.0010333583,0.0032733232,-0.000350222,0.0022010421,-0.0099173635,0.0069026276
2018-09-27 00:00:00,-0.002042897,0.0030727834,-0.00054415315,0.0024875319,-0.010433182,0.007411696
2018-09-28 00:00:00,-0.0025820136,0.003175661,-0.0006907284,0.0027348613,-0.010835782,0.008043833
2018-10-01 00:00:00,-0.002476357,0.0033569336,-0.0012182891,0.0028589284,-0.011198759,0.00819682
2018-10-02 00:00:00,-0.0025251433,0.0033116415,-0.0013479143,0.0027956879,-0.011062525,0.00845024
2018-10-03 00:00:00,-0.0026537925,0.002864048,-0.0016676486,0.002801708,-0.01134447,0.008215088
2018-10-04 00:00:00,-0.002225563,0.0021953657,-0.0026044399,0.0026596105,-0.011613831,0.007965978
2018-10-05 00:00:00,-0.0014357939,0.0021179542,-0.0030481443,0.0023323512,-0.011182055,0.007832192
2018-10-08 00:00:00,-0.0014878139,0.002492182,-0.002965033,0.0024679815,-0.011060953,0.007947575
2018-10-09 00:00:00,-0.002038665,0.002807647,-0.0028288811,0.002342782,-0.010525256,0.008239623
2018-10-10 00:00:00,-0.001827158,0.0032140613,-0.003157258,0.0019570803,-0.010373026,0.008214414
2018-10-11 00:00:00,-0.00074667484,0.0039254054,-0.004098408,0.0014806604,-0.010738723,0.008274753
2018-10-12 00:00:00,-0.0002368018,0.004319966,-0.004371524,0.0011120355,-0.010875508,0.008328907
2018-10-15 00:00:00,-0.00096527487,0.0042047426,-0.0037953109,0.0013911044,-0.010616556,0.008081175
2018-10-16 00:00:00,-0.00084896386,0.0045597777,-0.003472492,0.0013202643,-0.010427713,0.008341417
2018-10-17 00:00:00,-0.0009906292,0.004436061,-0.0032226145,0.0017914092,-0.010486588,0.007870708
2018-10-18 00:00:00,-0.0005020499,0.0047245175,-0.0037540346,0.0022416627,-0.011077449,0.00675641
2018-10-19 00:00:00,0.00045338273,0.005043611,-0.0037325472,0.0026865518,-0.011216104,0.0060373694
2018-10-22 00:00:00,0.001169309,0.0047827363,-0.0037212446,0.0028806543,-0.010921732,0.0056136176
2018-10-23 00:00:00,0.0013626516,0.004222125,-0.0036337078,0.0026881015,-0.010499597,0.0053819194
2018-10-24 00:00:00,0.0018021464,0.004132338,-0.0034842715,0.002298287,-0.010023467,0.0057037324
2018-10-25 00:00:00,0.0016146153,0.0036187097,-0.0032963008,0.0019081449,-0.0099066645,0.006237909
2018-10-26 00:00:00,0.002182886,0.0028549433,-0.0034097359,0.0013787663,-0.00928086,0.006382674
2018-10-29 00:00:00,0.003266804,0.0033265725,-0.0041810423,0.000877521,-0.009138271,0.0065271705
2018-10-30 00:00:00,0.00422512,0.003742069,-0.0045241266,0.00062816497,-0.009315088,0.0065702945
2018-10-31 00:00:00,0.004346043,0.0044947714,-0.003841184,0.000933907,-0.009444326,0.006413549
2018-11-01 00:00:00,0.0040143654,0.0052362084,-0.0031026602,0.0012688851,-0.00962764,0.0059097484
2018-11-02 00:00:00,0.0035721362,0.005093567,-0.0024686977,0.0013575172,-0.009313196,0.0053594187
2018-11-05 00:00:00,0.0033611283,0.0043886304,-0.0026823804,0.0014749086,-0.009753443,0.0042859092
2018-11-06 00:00:00,0.002758287,0.003223598,-0.0017564222,0.0014703786,-0.00903061,0.0026753694
2018-11-07 00:00:00,0.002485834,0.0023153573,-0.0011201426,0.0013666665,-0.008104742,0.0015009418
2018-11-08 00:00:00,0.0009461418,0.0008408427,-0.0007440224,0.0014912998,-0.0077428743,0.0007420555
2018-11-09 00:00:00,0.0013698563,0.0008353591,-0.0015882179,0.0012183702,-0.008082926,0.0006856546
2018-11-12 00:00:00,0.0013099015,0.0013858825,-0.0022728294,0.0010606861,-0.008171529,0.00093896687
2018-11-13 00:00:00,0.0017968193,0.0027583092,-0.003270492,0.0011438644,-0.008618638,0.0015812069
2018-11-14 00:00:00,0.0016500428,0.003613621,-0.0037123188,0.0012645936,-0.008742578,0.001925543
2018-11-15 00:00:00,0.0015889704,0.004419245,-0.0046465397,0.0013112342,-0.009692714,0.0026195198
2018-11-16 00:00:00,0.000743635,0.0043686256,-0.005156286,0.0014244532,-0.009921074,0.0029909164
2018-11-19 00:00:00,0.00042816252,0.0043614954,-0.0051793084,0.0015168702,-0.009431064,0.0032277852
2018-11-20 00:00:00,0.0006299168,0.0036940575,-0.0053050444,0.001611582,-0.009177819,0.0030886605
2018-11-21 00:00:00,0.0017966256,0.0029951558,-0.0054160357,0.00143247,-0.008239597,0.0027539432
2018-11-22 00:00:00,0.002851285,0.0019192845,-0.0051033497,0.0016003912,-0.0074209087,0.0018539578
2018-11-23 00:00:00,0.0043699592,0.0019490272,-0.004703611,0.0018271869,-0.0061082803,0.0018238947
2018-11-26 00:00:00,0.005000517,0.0012171343,-0.003570497,0.002019561,-0.005439058,0.0016078427
2018-11-27 00:00:00,0.0051384047,0.0005978793,-0.0027083457,0.0021459078,-0.004871197,0.0011875108
2018-11-28 00:00:00,0.0047812685,4.1499734e-05,-0.0020465478,0.0015707528,-0.004204184,0.0009881854
2018-11-29 00:00:00,0.004291661,-0.00047275424,-0.0017490834,0.0011693751,-0.0039743967,0.0007019788
2018-11-30 00:00:00,0.004063107,-0.00094658136,-0.001934953,0.0008300459,-0.004784234,0.00020314753
2018-12-03 00:00:00,0.0036779344,-0.0010746494,-0.0018492639,0.00052640494,-0.0050409213,-0.00011406839
2018-12-04 00:00:00,0.0033529848,-0.0010879785,-0.0026452318,0.00011023041,-0.00584146,-0.00019171834
2018-12-05 00:00:00,0.003932558,-0.00038044155,-0.003124863,-0.000800916,-0.006129753,-2.193451e-05
2018-12-06 00:00:00,0.004583575,0.00023398548,-0.0035481825,-0.0011376524,-0.0066121295,0.0002958104
2018-12-07 00:00:00,0.004869692,0.00036910176,-0.0038827434,-0.001741373,-0.006298784,0.0006361976
2018-12-10 00:00:00,0.0051632375,0.00020379573,-0.004308015,-0.002372765,-0.006578088,0.00091291964
2018-12-11 00:00:00,0.006145768,-2.4944544e-05,-0.0044732913,-0.0030347789,-0.0057928413,0.0015609637
2018-12-12 00:00:00,0.0075192973,-0.00012990832,-0.0041833445,-0.0034054602,-0.0049940534,0.0014357418
2018-12-13 00:00:00,0.009047672,-0.0005074516,-0.0036127493,-0.0032343054,-0.0043586977,0.0011831224
2018-12-14 00:00:00,0.010511197,-0.00058560073,-0.0025919452,-0.0027908916,-0.0041535534,0.00085408986
2018-12-17 00:00:00,0.011465095,0.00033664703,-0.0018374845,-0.002655589,-0.003767848,0.0008647144
2018-12-18 00:00:00,0.011798814,0.0011674464,-0.0013939068,-0.0026373053,-0.0038794912,0.001176767
2018-12-19 00:00:00,0.0116424635,0.0015347153,-0.0009530708,-0.0029098177,-0.0032908097,0.0014382005
2018-12-20 00:00:00,0.011877403,0.0014778376,-0.0011890233,-0.0033052796,-0.003534086,0.0014127865
2018-12-21 00:00:00,0.0123480335,0.0017965958,-0.0021310598,-0.0042414004,-0.0034350604,0.0016853362
2018-12-24 00:00:00,0.012581445,0.002046153,-0.0026374832,-0.0052229846,-0.00331752,0.0024548545
2018-12-25 00:00:00,0.013245858,0.0027210638,-0.0027770475,-0.005690717,-0.0032614768,0.0033104122
2018-12-26 00:00:00,0.014114834,0.0030792952,-0.0022717416,-0.0060143853,-0.0022811592,0.0039009154
2018-12-27 00:00:00,0.014569156,0.00316336,-0.00063013285,-0.0053645903,-0.0012550652,0.002846852
2018-12-28 00:00:00,0.015518449,0.0037946552,0.0002238676,-0.004552909,-0.0013733134,0.0016697049
2018-12-31 00:00:00,0.015201889,0.003268212,0.0010577291,-0.004145273,-0.0016712993,7.659942e-05
2019-01-01 00:00:00,0.014764629,0.0021942556,0.00075624883,-0.0042014057,-0.0026225746,-0.0012747124
2019-01-02 00:00:00,0.014346711,0.00054985285,0.00021234155,-0.004690462,-0.0031267777,-0.0022128373
2019-01-03 00:00:00,0.012562625,-0.0013667792,0.00064207613,-0.0050804997,-0.0025052875,-0.0024748817
2019-01-04 00:00:00,0.011935182,-0.0017952472,-0.00045078248,-0.005750173,-0.003038019,-0.0025113896
2019-01-07 00:00:00,0.012018904,-0.0028905421,-0.0009164363,-0.0061853463,-0.0036519617,-0.003464073
2019-01-08 00:00:00,0.01213029,-0.002797678,-0.0018677115,-0.006286406,-0.0046542734,-0.0037908107
2019-01-09 00:00:00,0.012924068,-0.0025032535,-0.0026318282,-0.0064740563,-0.0055202246,-0.0039722174
2019-01-10 00:00:00,0.012745403,-0.0019173175,-0.0018433705,-0.006272086,-0.005850151,-0.0033721626
2019-01-11 00:00:00,0.012107968,-0.0019672513,-0.0009123832,-0.0058810944,-0.0060898066,-0.00325758
2019-01-14 00:00:00,0.0122619495,-0.0018653348,-0.00024939328,-0.005439886,-0.006143734,-0.0034503788
2019-01-15 00:00:00,0.013134956,-0.0019070208,-0.0005941987,-0.005782851,-0.006224919,-0.0035042167
2019-01-16 00:00:00,0.012946993,-0.00283698,-0.0011041015,-0.0060791755,-0.0062660426,-0.003697589
2019-01-17 00:00:00,0.012394913,-0.004214376,-0.0012107939,-0.0064904327,-0.005061537,-0.0034004748
2019-01-18 00:00:00,0.012384079,-0.0049091727,-0.0016882569,-0.006656491,-0.0044624656,-0.0033428445
2019-01-21 00:00:00,0.010503456,-0.00593289,-0.0013795272,-0.00619229,-0.0043979734,-0.0032856911
2019-01-22 00:00:00,0.008984409,-0.005271308,-0.0012430996,-0.0058248574,-0.0041827634,-0.0028994381
2019-01-23 00:00:00,0.00830733,-0.004379347,-0.0013956577,-0.0056776637,-0.004533604,-0.002636075
2019-01-24 00:00:00,0.008169539,-0.0041471794,-0.0011858344,-0.005350479,-0.0045628995,-0.0018996522
2019-01-25 00:00:00,0.008716844,-0.0046628937,-0.00086960196,-0.005074003,-0.004315883,-0.0023926422
2019-01-28 00:00:00,0.009742685,-0.0054142326,-0.00018378347,-0.0047952617,-0.0033048317,-0.0024742782
2019-01-29 00:00:00,0.011811845,-0.0063542426,0.00048175454,-0.0047129327,-0.0021432713,-0.002539955
2019-01-30 00:00:00,0.012749635,-0.00707563,0.0012529492,-0.004933157,-0.001044035,-0.002930984
2019-01-31 00:00:00,0.012895696,-0.0065362602,0.0016609132,-0.0050481344,-0.00076972693,-0.0031268
2019-02-01 00:00:00,0.011928894,-0.006066352,0.0024317205,-0.0048596645,-0.00047334284,-0.0028678998
2019-02-04 00:00:00,0.012048446,-0.0055972785,0.0019610748,-0.0044529224,-0.0016106963,-0.0024023354
2019-02-05 00:00:00,0.011406705,-0.0061983094,0.0019925535,-0.0042516524,-0.0018675923,-0.0026471764
2019-02-06 00:00:00,0.01128719,-0.007032603,0.0022036508,-0.0043076063,-0.0021511614,-0.003354691
2019-02-07 00:00:00,0.012402974,-0.007884122,0.0024055317,-0.0046449685,-0.0013328269,-0.0041873157
2019-02-08 00:00:00,0.014185376,-0.00831832,0.0028473437,-0.005502724,-0.0004992336,-0.0050567538
2019-02-11 00:00:00,0.015071176,-0.008952424,0.0028103888,-0.0063466663,-0.0005286187,-0.005718529
2019-02-12 00:00:00,0.015057698,-0.008813888,0.0031936243,-0.006208488,-0.0007337034,-0.0052235425
2019-02-13 00:00:00,0.014678322,-0.00815054,0.0030415803,-0.0056182975,-0.0013525933,-0.0044997185
2019-02-14 00:00:00,0.015081815,-0.007413581,0.0017873943,-0.0053707296,-0.0024920106,-0.0042036325
2019-02-15 00:00:00,0.014255784,-0.0071174353,0.0014232025,-0.0052427286,-0.002749294,-0.0041246265
2019-02-18 00:00:00,0.013526954,-0.006974064,0.0007342547,-0.0050592804,-0.003140144,-0.0039529875
2019-02-19 00:00:00,0.013214946,-0.006959334,-0.00035999715,-0.005160936,-0.003941536,-0.0038889125
2019-02-20 00:00:00,0.013198823,-0.0068497136,-0.0013194233,-0.005157658,-0.004885912,-0.0036692172
2019-02-21 00:00:00,0.013296537,-0.006910473,-0.0020804852,-0.004966461,-0.005874768,-0.0037237406
2019-02-22 00:00:00,0.014154367,-0.0062238574,-0.0018856078,-0.0044770176,-0.005444318,-0.0029678345
2019-02-25 00:00:00,0.014988817,-0.005640626,-0.0013783053,-0.0039689327,-0.005202137,-0.0025459975
2019-02-26 00:00:00,0.015491001,-0.004283577,-0.0012560412,-0.0032157088,-0.005198948,-0.0020474792
2019-02-27 00:00:00,0.014929593,-0.0034030825,-0.0009081289,-0.0025074566,-0.005364381,-0.0010904074
2019-02-28 00:00:00,0.014807358,-0.0028471202,-0.0012369752,-0.0019881213,-0.005857326,-0.0005739555
2019-03-01 00:00:00,0.014474921,-0.0029788911,-0.0015177056,-0.0016461993,-0.0069535226,-0.00034619868
2019-03-04 00:00:00,0.013406821,-0.0034539402,-0.0010239705,-0.0012724483,-0.0066875145,0.00017620623
2019-03-05 00:00:00,0.012499608,-0.004418455,-0.00062748045,-0.0011207098,-0.006793767,5.528331e-06
2019-03-06 00:00:00,0.012125358,-0.004851006,-5.622208e-05,-0.0011834586,-0.00684689,8.752942e-05
2019-03-07 00:00:00,0.011995703,-0.004675813,-0.0002591014,-0.0015207017,-0.0073025897,0.00021452457
2019-03-08 00:00:00,0.012034953,-0.0040891394,-0.0007873699,-0.0017809803,-0.0079882145,0.00071714073
2019-03-11 00:00:00,0.012239084,-0.0037070513,-0.0007640794,-0.0016145045,-0.008155949,0.001157321
2019-03-12 00:00:00,0.011541434,-0.003863193,-0.00031941384,-0.0012292201,-0.0076358616,0.0011044592
2019-03-13 00:00:00,0.011019073,-0.0041047633,1.7598271e-05,-0.0006854022,-0.0082203,0.0008995533
2019-03-14 00:00:00,0.010395102,-0.0039071217,0.00016598403,-0.0005829716,-0.007593438,0.0009855032
2019-03-15 00:00:00,0.008315541,-0.004540935,-0.0001244098,-0.0008731866,-0.007969387,0.00037617236
2019-03-18 00:00:00,0.0057887435,-0.004986942,-0.00030519813,-0.0011383379,-0.00840313,-0.00032691658
2019-03-19 00:00:00,0.0026011392,-0.005599618,0.00012475997,-0.0006152326,-0.009198368,-0.00054343045
2019-03-20 00:00:00,0.0002387762,-0.005273178,0.00038110465,0.0003374433,-0.01044412,-0.0005656779
2019-03-21 00:00:00,5.9485435e-05,-0.00455454,0.00041913986,0.0003515249,-0.011110462,0.00011314452
2019-03-22 00:00:00,-3.9234757e-05,-0.0044648647,-0.00033134222,0.00010935124,-0.011676565,0.0010653511
2019-03-25 00:00:00,0.0004633069,-0.0029907748,-0.00074697286,0.00023480412,-0.012099043,0.0025346205
2019-03-26 00:00:00,7.160008e-06,-0.002084449,-0.00053055584,0.0005862778,-0.012314245,0.003549017
2019-03-27 00:00:00,-0.0013086125,-0.001078859,-0.00034932047,0.0013153767,-0.012778938,0.0039851367
2019-03-28 00:00:00,-0.0022582635,-0.00033590943,0.00016538799,0.0018649315,-0.012980163,0.004014708
2019-03-29 00:00:00,-0.0038239658,-0.00047872216,0.0013112053,0.0027148044,-0.012556374,0.004258767
2019-04-01 00:00:00,-0.0033613816,0.00031261146,0.0015583634,0.0031739837,-0.012534916,0.0040347427
2019-04-02 00:00:00,-0.002370894,0.00029471517,0.0018007159,0.0034456616,-0.011949718,0.0038148016
2019-04-03 00:00:00,-0.0015237555,0.00028061122,0.001817897,0.0032437658,-0.011412531,0.003629148
2019-04-04 00:00:00,-0.0009692982,0.0002507046,0.0014302433,0.0032035327,-0.011470415,0.0036736801
2019-04-05 00:00:00,-0.0016034096,0.00076028705,0.0017387271,0.0033310866,-0.011381678,0.004185736
2019-04-08 00:00:00,-0.0020258576,0.0011282414,0.0017751604,0.003250233,-0.011558063,0.004403509
2019-04-09 00:00:00,-0.0020308867,0.0015081912,0.0019727275,0.0033677584,-0.011728637,0.0045489
2019-04-10 00:00:00,-0.00155586,0.0020071939,0.0020818114,0.0036666011,-0.011862591,0.004243672
2019-04-11 00:00:00,-0.0011272728,0.0022017658,0.001714401,0.0037446236,-0.012159124,0.003815487
2019-04-12 00:00:00,-0.00012933463,0.0021286607,0.0012806207,0.0039786166,-0.012148686,0.0039971694
2019-04-15 00:00:00,0.00053046644,0.0020632222,0.0010501221,0.0040956503,-0.011675961,0.004731536
2019-04-16 00:00:00,0.00013711303,0.0012061745,0.0014297366,0.004475138,-0.0114093125,0.005091578
2019-04-17 00:00:00,0.00011809915,0.00013243407,0.0013760924,0.0046673035,-0.011171937,0.005289182
2019-04-18 00:00:00,0.00031023473,5.722046e-06,0.0012866482,0.004522017,-0.011344977,0.0052793324
2019-04-19 00:00:00,0.00025280565,-0.00013417006,0.0010166392,0.004109702,-0.01132679,0.0051748157
2019-04-22 00:00:00,3.4563243e-05,-0.0006565377,0.0006994903,0.0035108542,-0.011293836,0.005322501
2019-04-23 00:00:00,-0.00011461228,-0.0010068119,0.000323385,0.0031726873,-0.011510573,0.0062295496
2019-04-24 00:00:00,-0.0003877282,-0.001555331,0.00053301454,0.0031022346,-0.011446528,0.0071957856
2019-04-25 00:00:00,0.0003657192,-0.0014614016,3.234297e-05,0.002935878,-0.0116818845,0.007515032
2019-04-26 00:00:00,0.0012605116,-0.0010692477,-0.0009749457,0.002424351,-0.011686407,0.007888228
2019-04-29 00:00:00,0.0009735897,-0.00091219693,-0.0010081008,0.0017588651,-0.011148661,0.007848553
2019-04-30 00:00:00,0.0012184381,-0.00038415194,-0.0015846267,0.0013767099,-0.011300713,0.007707257
2019-05-01 00:00:00,0.00058957934,0.00025675446,-0.0013474226,0.0016952371,-0.01161436,0.007754445
2019-05-02 00:00:00,-0.0005676225,0.00040128827,-0.0008055344,0.002092681,-0.011917636,0.007931735
2019-05-03 00:00:00,-0.0013251081,0.00039037317,-0.0009191483,0.0023026979,-0.012209922,0.008083686
2019-05-06 00:00:00,-0.0017307326,0.00047115982,-0.00043746084,0.0025652563,-0.012294561,0.007988818
2019-05-07 00:00:00,-0.002001889,0.0005534068,-0.00059556216,0.0023475206,-0.0128033385,0.007840667
2019-05-08 00:00:00,-0.0011214241,0.0009006113,-0.0009263605,0.0017340994,-0.012493968,0.007630568
2019-05-09 00:00:00,-0.00048796833,0.0010062605,-0.0009069964,0.0014230227,-0.012052648,0.007494848
2019-05-10 00:00:00,-4.2811036e-05,0.0011727214,-0.001021713,0.0016569709,-0.012294531,0.007651359
2019-05-13 00:00:00,0.00026927143,0.0014839172,-0.0008651614,0.0018321192,-0.012132749,0.008080438
2019-05-14 00:00:00,0.00080807507,0.0021677613,-0.0010516569,0.001683644,-0.012518965,0.008593451
2019-05-15 00:00:00,0.0012869611,0.002251722,-0.0008574948,0.0017556762,-0.012341619,0.008233134
2019-05-16 00:00:00,0.001596354,0.0024289861,-0.0003233999,0.001949749,-0.012150712,0.007951945
2019-05-17 00:00:00,0.0015325174,0.001807563,7.95871e-05,0.002167127,-0.012432098,0.0076905973
2019-05-20 00:00:00,0.002084665,0.0016620979,-6.185472e-05,0.0021217978,-0.012651853,0.00793986
2019-05-21 00:00:00,0.0024415702,0.0016449243,0.0002194643,0.002160511,-0.012556173,0.008066889
2019-05-22 00:00:00,0.002397105,0.001557596,0.0006328672,0.002317301,-0.012358218,0.008131187
2019-05-23 00:00:00,0.0024150312,0.0017100275,0.0011316165,0.0019729352,-0.011985287,0.008289609
2019-05-24 00:00:00,0.0030250847,0.0023459718,0.0009937212,0.001332066,-0.011460662,0.008392066
2019-05-27 00:00:00,0.0033533946,0.0023311824,0.00097192824,0.0010204827,-0.011449501,0.0077366754
2019-05-28 00:00:00,0.0030636415,0.0023405552,0.0010214895,0.0010238802,-0.012088507,0.007470999
2019-05-29 00:00:00,0.0019581243,0.002651371,0.0011006296,0.00085522886,-0.012529671,0.0076820776
2019-05-30 00:00:00,0.0016980022,0.0030430332,0.0008984804,0.0005692756,-0.012697548,0.0077088065
2019-05-31 00:00:00,0.00088503957,0.0029225573,0.001446031,0.00051131006,-0.01242841,0.0072507933
2019-06-03 00:00:00,0.0005343631,0.0031290874,0.0017354637,0.00043775793,-0.01218012,0.0068605207
2019-06-04 00:00:00,5.3435564e-05,0.0032590032,0.0014665872,0.00026433822,-0.012802847,0.006717313
2019-06-05 00:00:00,-0.00037786365,0.0029390156,0.0011986941,7.024966e-06,-0.012588747,0.0068504103
2019-06-06 00:00:00,-0.0008254051,0.0023666173,0.0010238513,-0.00021476392,-0.012959212,0.0068329163
2019-06-07 00:00:00,-0.00083794445,0.0021646991,0.0013835803,-0.0002541924,-0.012616977,0.0067587495
2019-06-10 00:00:00,-0.0010401607,0.0016769022,0.0019754618,-0.0003761733,-0.012302518,0.006226428
2019-06-11 00:00:00,-0.0005688518,0.0013478547,0.0022473037,-0.00061927084,-0.011705324,0.005513355
2019-06-12 00:00:00,-0.00026209652,0.0011565462,0.0026034266,-0.0009270692,-0.011219159,0.0048522875
2019-06-13 00:00:00,-0.00055107474,0.0008083582,0.002587393,-0.0008666599,-0.011292435,0.0039687455
2019-06-14 00:00:00,-0.0013782308,0.0005908385,0.0030414984,-0.0007999921,-0.011106648,0.0034816638
2019-06-17 00:00:00,-0.0017572269,-3.2797456e-05,0.00286109,-0.0007802928,-0.011052027,0.0034031123
2019-06-18 00:00:00,-0.0015536249,-4.2140484e-05,0.0022694096,-0.0009013796,-0.010837883,0.0031566098
2019-06-19 00:00:00,-0.0019616857,-0.00016269088,0.0019914657,-0.0012819255,-0.010128796,0.0028672963
2019-06-20 00:00:00,-0.002620034,3.1508505e-05,0.0010773018,-0.0012723291,-0.010203578,0.0025529414
2019-06-21 00:00:00,-0.0031724125,1.2613833e-05,7.068366e-05,-0.0009958232,-0.011445895,0.001953259
2019-06-24 00:00:00,-0.0029808804,6.54161e-05,-0.00063958764,-0.0009140754,-0.011495471,0.0016088337
2019-06-25 00:00:00,-0.0027894974,-0.0003971085,-0.00071074814,-0.001099267,-0.01103434,0.0011769757
2019-06-26 00:00:00,-0.0017363578,-0.0010025352,-0.00069283694,-0.0012359703,-0.010211021,0.00079941005
2019-06-27 00:00:00,-0.0006646514,-0.0016469359,-0.0006679371,-0.001382866,-0.008964956,0.0003347844
2019-06-28 00:00:00,0.00027638674,-0.0023032352,-0.0006393492,-0.0012686336,-0.008213513,-0.00039836764
2019-07-01 00:00:00,0.0013259798,-0.0030089766,-0.0009247735,-0.0010739053,-0.00778874,-0.0013623983
2019-07-02 00:00:00,0.0015551746,-0.0033407882,-0.0006593615,-0.00055385474,-0.0073782206,-0.0015813112
2019-07-03 00:00:00,0.002284184,-0.0034657046,-0.00064919144,-0.00022289995,-0.0074594915,-0.0017916858
2019-07-04 00:00:00,0.0033303276,-0.0035523474,-0.0014217123,-0.00031281356,-0.0077863783,-0.0017918199
2019-07-05 00:00:00,0.0037738606,-0.0033768266,-0.0018703043,-0.00090036634,-0.007936142,-0.001580365
2019-07-08 00:00:00,0.0042511895,-0.0030345395,-0.0023470968,-0.0014093006,-0.008073084,-0.001397036
2019-07-09 00:00:00,0.004789412,-0.0029551685,-0.0029378384,-0.0021357918,-0.008068666,-0.00130485
2019-07-10 00:00:00,0.004857108,-0.0029149428,-0.0033567473,-0.00264261,-0.008166924,-0.0016275197
2019-07-11 00:00:00,0.0047714263,-0.002929896,-0.0034243613,-0.0029192949,-0.0083516985,-0.0020096675
2019-07-12 00:00:00,0.005480431,-0.0026404038,-0.0040720925,-0.003089168,-0.009027228,-0.0021867305
2019-07-15 00:00:00,0.005669482,-0.0024552718,-0.0037306547,-0.0030810917,-0.008818418,-0.0024444312
2019-07-16 00:00:00,0.0058203787,-0.002538681,-0.0031187534,-0.0028379643,-0.008371115,-0.0026866347
2019-07-17 00:00:00,0.0067851394,-0.002269879,-0.0033071116,-0.002678969,-0.008202709,-0.0028447062
2019-07-18 00:00:00,0.0074186474,-0.0022151917,-0.0028810352,-0.002376088,-0.0075348094,-0.002941452
2019-07-19 00:00:00,0.0072806403,-0.002501607,-0.0020621568,-0.0019516433,-0.0069411993,-0.0031135231
2019-07-22 00:00:00,0.00748799,-0.002762951,-0.0022066385,-0.0015591467,-0.007673666,-0.0030589998
2019-07-23 00:00:00,0.0073627606,-0.0031057596,-0.0017309412,-0.0014136517,-0.0075074434,-0.0030035526
2019-07-24 00:00:00,0.0070931315,-0.0033199117,-0.0019948632,-0.0013605142,-0.007863149,-0.0030383319
2019-07-25 00:00:00,0.0063810274,-0.0031158477,-0.0017597154,-0.0012284601,-0.007864796,-0.00258141
2019-07-26 00:00:00,0.006208524,-0.0030501485,-0.00144317,-0.00089783315,-0.007848829,-0.0022863299
2019-07-29 00:00:00,0.0066928864,-0.0030085593,-0.0015829578,-0.00089634303,-0.007366799,-0.002444461
2019-07-30 00:00:00,0.006689489,-0.0029568449,-0.0014407039,-0.0009148503,-0.0068166703,-0.0024054796
2019-07-31 00:00:00,0.006549187,-0.0028120875,-0.002054751,-0.0011018598,-0.0069931597,-0.0022578835
2019-08-01 00:00:00,0.0066200644,-0.0027010664,-0.0020694137,-0.0015411759,-0.006797746,-0.0019161552
2019-08-02 00:00:00,0.005728036,-0.0032313317,-0.0016663596,-0.0018174136,-0.006754197,-0.0018532425
2019-08-05 00:00:00,0.0058421865,-0.002974905,-0.002496928,-0.0020545805,-0.0071465075,-0.0019684508
2019-08-06 00:00:00,0.005227737,-0.0025098324,-0.0032286271,-0.0022185827,-0.007473752,-0.0013161153
2019-08-07 00:00:00,0.0054933056,-0.002142042,-0.0037103072,-0.0022165263,-0.00770434,-0.0012551099
2019-08-08 00:00:00,0.0061765537,-0.0019100308,-0.0046505705,-0.0024535442,-0.008009419,-0.0015132055
2019-08-09 00:00:00,0.0063174665,-0.0021136478,-0.004122272,-0.0024620378,-0.0069786683,-0.0021986142
2019-08-12 00:00:00,0.006618172,-0.0022277907,-0.0036492422,-0.0023903335,-0.0064068288,-0.0027550831
2019-08-13 00:00:00,0.0063545704,-0.0024122074,-0.0027418658,-0.0022941316,-0.0058465526,-0.0032521263
2019-08-14 00:00:00,0.006110497,-0.0031156614,-0.002019979,-0.0021263743,-0.0058269054,-0.0038421303
2019-08-15 00:00:00,0.005988762,-0.0029054135,-0.0017077327,-0.0018270398,-0.006349921,-0.003862068
2019-08-16 00:00:00,0.005202085,-0.0032472312,-0.0012525171,-0.0017168308,-0.006273061,-0.0036075711
2019-08-19 00:00:00,0.005166471,-0.00364504,-0.001859352,-0.0021207118,-0.0061410666,-0.00365372
2019-08-20 00:00:00,0.005121678,-0.003927216,-0.0024601668,-0.002702185,-0.0059389174,-0.0037365705
2019-08-21 00:00:00,0.0046398267,-0.0033044592,-0.0029877946,-0.0030930722,-0.00602977,-0.0032569617
2019-08-22 00:00:00,0.0035225227,-0.003239356,-0.0036719292,-0.003421613,-0.0066794604,-0.0036591738
2019-08-23 00:00:00,0.0033930019,-0.0023838133,-0.0044801384,-0.0036012316,-0.007283531,-0.003880024
2019-08-26 00:00:00,0.0025647283,-0.0021717474,-0.0047051758,-0.0033608759,-0.008709766,-0.004064128
2019-08-27 00:00:00,0.0014161095,-0.002474673,-0.004520789,-0.0029713,-0.009144977,-0.004216075
2019-08-28 00:00:00,0.0011566654,-0.0028685033,-0.0041764155,-0.0029826546,-0.008918583,-0.004204035
2019-08-29 00:00:00,0.0015269294,-0.0039773807,-0.0040832832,-0.00307379,-0.007838935,-0.0043798164
2019-08-30 00:00:00,0.002443254,-0.005039409,-0.0041218847,-0.0032702768,-0.0063736886,-0.0050705746
2019-09-02 00:00:00,0.0036993101,-0.0051133707,-0.0046390817,-0.0033404315,-0.0052237213,-0.0059884638
2019-09-03 00:00:00,0.0043785423,-0.0048892945,-0.0046491846,-0.0032298947,-0.0044597685,-0.006517783
2019-09-04 00:00:00,0.0050386265,-0.004334204,-0.0046897903,-0.002842077,-0.004190773,-0.0068948567
2019-09-05 00:00:00,0.0041665286,-0.004183933,-0.004224971,-0.002077886,-0.0043933094,-0.0068981946
2019-09-06 00:00:00,0.0034457892,-0.004468441,-0.0045025796,-0.001581111,-0.0050114766,-0.006310381
2019-09-09 00:00:00,0.0028973743,-0.005504556,-0.0042465255,-0.0015838826,-0.0048820227,-0.006214559
2019-09-10 00:00:00,0.0039648637,-0.0065140873,-0.004836872,-0.0018668259,-0.0045128018,-0.006549984
2019-09-11 00:00:00,0.0053778514,-0.0072542652,-0.00560648,-0.0024902606,-0.004211232,-0.0069313794
2019-09-12 00:00:00,0.0063419193,-0.008070201,-0.0053885803,-0.0030487264,-0.0034469515,-0.0070575923
2019-09-13 00:00:00,0.006706044,-0.007291712,-0.004755132,-0.003146925,-0.0025509,-0.006333582
2019-09-16 00:00:00,0.00693807,-0.0062597767,-0.0043841824,-0.003123113,-0.002703175,-0.0048911124
2019-09-17 00:00:00,0.0064098686,-0.006018132,-0.003317073,-0.0027614916,-0.002998434,-0.004237056
2019-09-18 00:00:00,0.005417198,-0.006104611,-0.0024764389,-0.0022904957,-0.0032800809,-0.004154861
2019-09-19 00:00:00,0.004771583,-0.0066544935,-0.002229467,-0.002088108,-0.0038806573,-0.004312694
2019-09-20 00:00:00,0.0051715076,-0.0077273697,-0.0029131547,-0.002470442,-0.0040680133,-0.0047207475
2019-09-23 00:00:00,0.005318381,-0.008675009,-0.0033566505,-0.0027559185,-0.0040408,-0.005081326
2019-09-24 00:00:00,0.0054319277,-0.009023145,-0.0037910938,-0.0028440142,-0.004255224,-0.004993163
2019-09-25 00:00:00,0.0057448223,-0.009039998,-0.0039401203,-0.00296072,-0.0038474351,-0.004734911
2019-09-26 00:00:00,0.00615637,-0.008493558,-0.0045274273,-0.0032003308,-0.0035395846,-0.0041751564
2019-09-27 00:00:00,0.0057879686,-0.0077908486,-0.004551664,-0.003162005,-0.00357176,-0.0039307177
2019-09-30 00:00:00,0.0046442673,-0.007390514,-0.0043492094,-0.0032019103,-0.003924817,-0.003304407
2019-10-01 00:00:00,0.0038121939,-0.006905973,-0.0045748204,-0.0032127881,-0.0042997077,-0.0025275052
2019-10-02 00:00:00,0.0035880283,-0.0064918995,-0.005310282,-0.0035023475,-0.0057253465,-0.001881808
2019-10-03 00:00:00,0.0038178116,-0.0059225485,-0.0062905774,-0.0038955295,-0.006918542,-0.0013780296
2019-10-04 00:00:00,0.0030375272,-0.005807489,-0.0059084296,-0.0039561475,-0.0071197525,-0.0012303516
2019-10-07 00:00:00,0.003113404,-0.0054241493,-0.006136976,-0.0036685253,-0.007961959,-0.0018001869
2019-10-08 00:00:00,0.0037356913,-0.004829474,-0.0066980645,-0.0036555314,-0.0087497905,-0.0020489693
2019-10-09 00:00:00,0.004167177,-0.004059963,-0.0068370104,-0.0034810388,-0.009159513,-0.0020787194
2019-10-10 00:00:00,0.004723534,-0.004311383,-0.0068563446,-0.003069886,-0.009599529,-0.002657272
2019-10-11 00:00:00,0.0050761327,-0.004451379,-0.0065403283,-0.0024365569,-0.010042667,-0.002752699
2019-10-14 00:00:00,0.004635252,-0.004955061,-0.0052699894,-0.0018973732,-0.009861261,-0.0024954379
2019-10-15 00:00:00,0.0046785623,-0.005311638,-0.0045543313,-0.0014644051,-0.010088481,-0.0028676018
2019-10-16 00:00:00,0.004729092,-0.005513206,-0.0046124235,-0.0015387619,-0.010524526,-0.0027319938
2019-10-17 00:00:00,0.004967004,-0.0057178736,-0.004517056,-0.0015919888,-0.0111532435,-0.0025857985
2019-10-18 00:00:00,0.0049489364,-0.005942352,-0.004406035,-0.0017286623,-0.0113638565,-0.0020709261
2019-10-21 00:00:00,0.0056256577,-0.0055451095,-0.0049260557,-0.0020493353,-0.011593029,-0.0013992563
2019-10-22 00:00:00,0.0056165606,-0.0050511435,-0.005381085,-0.0022861445,-0.0118958205,-0.0005415529
2019-10-23 00:00:00,0.0048646033,-0.0052348673,-0.004907027,-0.0023716474,-0.0122369155,0.00026153028
2019-10-24 00:00:00,0.003982231,-0.005561188,-0.005009748,-0.002364465,-0.012996674,0.00085420907
2019-10-25 00:00:00,0.0033988208,-0.006186098,-0.005249478,-0.0022205496,-0.0137729645,0.0008804947
2019-10-28 00:00:00,0.001994431,-0.006963417,-0.004594393,-0.0019702995,-0.013842724,0.0006323382
2019-10-29 00:00:00,-8.7462366e-05,-0.00802689,-0.0036794022,-0.0012227381,-0.0137828365,0.0009144768
2019-10-30 00:00:00,-0.0004940778,-0.0084325075,-0.002672948,-0.00082586054,-0.013150752,0.0008639768
2019-10-31 00:00:00,-0.0006095469,-0.008809879,-0.0015444234,-0.0006620372,-0.011746034,0.0008780658
2019-11-01 00:00:00,0.0005720407,-0.008399099,-0.0017986298,-0.0008636499,-0.01169236,0.00092864037
2019-11-04 00:00:00,-0.0003738925,-0.008362159,-0.0017390102,-0.00073606614,-0.01175151,0.0016127825
2019-11-05 00:00:00,-0.0015413165,-0.008295342,-0.0026634187,-0.00080815796,-0.012597151,0.0026587248
2019-11-06 00:00:00,-0.0025904402,-0.0075002164,-0.0035514385,-0.0009966874,-0.013217829,0.0036936328
2019-11-07 00:00:00,-0.0047425255,-0.007416323,-0.003294304,-0.00082088355,-0.013594389,0.004397124
2019-11-08 00:00:00,-0.005427256,-0.0068738908,-0.0041214824,-0.0007981146,-0.014494218,0.0050330833
2019-11-11 00:00:00,-0.004691981,-0.0059110746,-0.0042390823,-0.0009420598,-0.014474429,0.0053811
2019-11-12 00:00:00,-0.0038982704,-0.005048409,-0.0038470775,-0.0007918561,-0.014162324,0.0055989698
2019-11-13 00:00:00,-0.0033661053,-0.0049141496,-0.0040504336,-0.00071714167,-0.0146029815,0.0056544393
2019-11-14 00:00:00,-0.0024608895,-0.0039222613,-0.0032121837,-0.0003453875,-0.014492005,0.0060897395
2019-11-15 00:00:00,-0.0027813837,-0.003528677,-0.0023770332,9.488221e-05,-0.014458962,0.0065829903
2019-11-18 00:00:00,-0.0033579096,-0.0035196766,-0.0025279522,0.00024717208,-0.014357418,0.0069123656
2019-11-19 00:00:00,-0.003145434,-0.0030908883,-0.0031334385,8.421298e-05,-0.014949463,0.0066091046
2019-11-20 00:00:00,-0.0033027455,-0.0025428236,-0.003797382,0.00030328985,-0.015709773,0.006368421
2019-11-21 00:00:00,-0.0032571778,-0.0015518516,-0.0042438805,0.00051905867,-0.016071014,0.0063579082
2019-11-22 00:00:00,-0.0024490952,-0.0009097755,-0.0047768503,0.0006309366,-0.016629301,0.00661166
2019-11-25 00:00:00,-0.0020702034,-0.0009133518,-0.0047754496,0.00089081284,-0.01707375,0.0072073564
2019-11-26 00:00:00,-0.0019109324,-0.00056829304,-0.004707016,0.001472286,-0.01685667,0.0078179315
2019-11-27 00:00:00,-0.001520507,-0.00028204918,-0.0050931424,0.0017596995,-0.017065704,0.008171946
2019-11-28 00:00:00,7.338822e-05,0.0003922209,-0.006203547,0.0015462851,-0.017579362,0.008431654
2019-11-29 00:00:00,0.00090619177,0.00061154366,-0.0065233335,0.0013535833,-0.017678492,0.0087170005
2019-12-02 00:00:00,0.0022139251,0.0010454506,-0.007304609,0.001344285,-0.017923273,0.009223457
2019-12-03 00:00:00,0.0027293935,0.0012527555,-0.0071712434,0.0013383245,-0.017792858,0.010136541
2019-12-04 00:00:00,0.0024384484,0.0014064535,-0.0062541217,0.0013956344,-0.016895741,0.010673612
2019-12-05 00:00:00,0.002686575,0.0013357997,-0.006708503,0.0012811637,-0.016711183,0.010292087
2019-12-06 00:00:00,0.0025554523,0.0011169985,-0.0073255897,0.0010477817,-0.016859196,0.009562112
2019-12-09 00:00:00,0.0012139753,0.0004093498,-0.006831102,0.0013489639,-0.016850866,0.008406647
2019-12-10 00:00:00,0.0011576265,0.0006470978,-0.007197477,0.0015773391,-0.017299086,0.0077138916
2019-12-11 00:00:00,0.001406692,0.0010817498,-0.007359758,0.0017211353,-0.017832316,0.0074817725
2019-12-12 00:00:00,0.0009245351,0.0014149547,-0.007070832,0.0017699813,-0.01769735,0.007667698
2019-12-13 00:00:00,0.0006652847,0.0015875921,-0.007544115,0.001593194,-0.018258087,0.008235935
2019-12-16 00:00:00,1.9565225e-05,0.0012174696,-0.0074039698,0.0014642691,-0.018374413,0.0083259195
2019-12-17 00:00:00,-0.00017464906,0.0006697923,-0.0076010227,0.0012837267,-0.018269166,0.00824577
2019-12-18 00:00:00,-0.000333488,0.0006287545,-0.008082531,0.0009571528,-0.018244639,0.008366182
2019-12-19 00:00:00,-0.00083212554,0.0009891763,-0.007822588,0.00072159525,-0.018231861,0.008509353
2019-12-20 00:00:00,-0.0015220046,0.001043424,-0.0070942566,0.000926218,-0.018504322,0.008826569
2019-12-23 00:00:00,-0.0024794936,0.0013429672,-0.005934991,0.0014632856,-0.018021949,0.009341963
2019-12-24 00:00:00,-0.0032655448,0.0010419339,-0.0053743497,0.002032659,-0.018123701,0.009204522
2019-12-25 00:00:00,-0.004001051,0.000511162,-0.004760802,0.0025222218,-0.017200634,0.0089026615
2019-12-26 00:00:00,-0.004488729,-0.0008069873,-0.0040698573,0.002890966,-0.016332813,0.008538369
2019-12-27 00:00:00,-0.004011266,-0.001488179,-0.004146993,0.0032239472,-0.015903994,0.008033529
2019-12-30 00:00:00,-0.0036615953,-0.0016447529,-0.004054107,0.0032406067,-0.014924996,0.007891364
2019-12-31 00:00:00,-0.0039986446,-0.0014662296,-0.003981963,0.0033515608,-0.014376573,0.007987026
2020-01-01 00:00:00,-0.0042619333,-0.0014412999,-0.004179649,0.003732047,-0.014132872,0.008110732
2020-01-02 00:00:00,-0.004264854,-0.0008987561,-0.0043033734,0.0040432727,-0.0139276385,0.008506756
2020-01-03 00:00:00,-0.0047317073,-0.0005759746,-0.0042165145,0.004294268,-0.01365523,0.0086686015
2020-01-06 00:00:00,-0.004246168,0.00031247735,-0.0049490035,0.0040066456,-0.014311098,0.008622915
2020-01-07 00:00:00,-0.0032443032,0.00079517066,-0.006236404,0.003555677,-0.014649473,0.0087627955
2020-01-08 00:00:00,-0.0029645637,0.0009599179,-0.0069725215,0.0034145033,-0.015298463,0.0088432245
2020-01-09 00:00:00,-0.0025218502,0.0011967868,-0.0073841214,0.0033947444,-0.01505816,0.008839559
2020-01-10 00:00:00,-0.001956977,0.001825273,-0.007349178,0.0038100695,-0.015108183,0.008659076
2020-01-13 00:00:00,-0.00072094053,0.0025720522,-0.007153094,0.004214517,-0.014803141,0.008146767
2020-01-14 00:00:00,6.504357e-06,0.0031205863,-0.007046275,0.004385582,-0.0143781975,0.007782012
2020-01-15 00:00:00,0.00041427463,0.0036953986,-0.006709926,0.004675201,-0.013831966,0.007437423
2020-01-16 00:00:00,0.0007049069,0.0036145076,-0.0059116334,0.004908911,-0.013248049,0.0069905743
2020-01-17 00:00:00,0.0012288466,0.003895156,-0.0056566894,0.004891715,-0.012526326,0.0068484843
2020-01-20 00:00:00,0.0017539337,0.0036878586,-0.005946994,0.0047179973,-0.012579225,0.0063474476
2020-01-21 00:00:00,0.0023725256,0.004064977,-0.006426841,0.0043974137,-0.012683772,0.0061191246
2020-01-22 00:00:00,0.002893366,0.0041421205,-0.0066070333,0.0041381037,-0.0127751455,0.006013334
2020-01-23 00:00:00,0.003069289,0.004653327,-0.0068052784,0.0042897975,-0.013303474,0.0062530786
2020-01-24 00:00:00,0.0033423975,0.0048028156,-0.006584026,0.004529259,-0.013302311,0.0064754784
2020-01-27 00:00:00,0.0034243017,0.0052572116,-0.006593555,0.004546634,-0.013493389,0.006875068
2020-01-28 00:00:00,0.0036314726,0.0057999343,-0.006446615,0.0042387163,-0.013038799,0.007476967
2020-01-29 00:00:00,0.003469728,0.0049293116,-0.0061857626,0.0039580977,-0.01252573,0.007202301
2020-01-30 00:00:00,0.003484495,0.0042357,-0.006274812,0.0035404777,-0.011869319,0.006702926
2020-01-31 00:00:00,0.002690956,0.0035626218,-0.0061502755,0.003078959,-0.011662997,0.0062987357
2020-02-03 00:00:00,0.002103895,0.003203988,-0.0066583827,0.002436093,-0.0118507445,0.0062482953
2020-02-04 00:00:00,0.0016788542,0.0023532808,-0.006677434,0.0020081317,-0.011644512,0.00557746
2020-02-05 00:00:00,0.0012800768,0.0022738427,-0.006256275,0.0022950089,-0.011118941,0.005024776
2020-02-06 00:00:00,0.0015869886,0.0018596202,-0.006271586,0.00243505,-0.0109638795,0.0041224733
2020-02-07 00:00:00,0.002566509,0.0016517192,-0.0058760047,0.002662412,-0.010747723,0.0029892027
2020-02-10 00:00:00,0.0031416565,0.0016821772,-0.004946023,0.0025615012,-0.009708628,0.0018692166
2020-02-11 00:00:00,0.0029782653,0.0016210526,-0.004025705,0.0027722633,-0.008828059,0.001406379
2020-02-12 00:00:00,0.0024213642,0.0014336631,-0.003704749,0.0028116917,-0.00858321,0.0016446114
2020-02-13 00:00:00,0.0020786375,0.0012533963,-0.0039032325,0.0028198576,-0.008893259,0.0018907636
2020-02-14 00:00:00,0.0018771738,0.0014819354,-0.004076883,0.002794615,-0.008819766,0.0020683855
2020-02-17 00:00:00,0.0014439449,0.0016325414,-0.003997147,0.00295215,-0.008500218,0.0019348115
2020-02-18 00:00:00,0.0011736676,0.00169231,-0.004447609,0.0027258312,-0.008689687,0.0019144863
2020-02-19 00:00:00,0.0009996742,0.0017693937,-0.004888192,0.0023493385,-0.008449689,0.0020048022
2020-02-20 00:00:00,-0.00023140013,0.0013767853,-0.004454851,0.0025679683,-0.008572832,0.001870431
2020-02-21 00:00:00,-0.0012981892,0.0012572631,-0.003602989,0.003217063,-0.008337349,0.0016447604
2020-02-24 00:00:00,-0.0019809157,0.0006284565,-0.002639234,0.0035424745,-0.0076218247,0.0014710277
2020-02-25 00:00:00,-0.0015582144,0.00010430813,-0.0029864162,0.0030975556,-0.0067034587,0.0014898852
2020-02-26 00:00:00,0.00027342886,-0.00050355494,-0.0036726072,0.0024055457,-0.0051973835,0.0014824271
2020-02-27 00:00:00,0.001319997,-0.0010890216,-0.0032541305,0.002236328,-0.00397709,0.0014666766
2020-02-28 00:00:00,0.003009364,-0.0003097281,-0.0030261949,0.0019365763,-0.002819702,0.0020362586
2020-03-02 00:00:00,0.0034550652,0.0005251393,-0.002374649,0.0017202413,-0.0012128353,0.0030525327
2020-03-03 00:00:00,0.004047394,0.00010214001,-0.0018808395,0.0021794653,-0.0013245344,0.0023673326
2020-03-04 00:00:00,0.0048062727,2.746284e-05,-0.0017405003,0.0020698076,-0.0016343445,0.0012935549
2020-03-05 00:00:00,0.005165763,-0.0005983263,-0.0018735975,0.0022024876,-0.0019627437,0.00014708936
2020-03-06 00:00:00,0.005621806,-0.00012912601,-0.0020337403,0.0016140705,-0.0020705312,-0.0004799366
2020-03-09 00:00:00,0.0061103553,0.00028690696,-0.0022218525,0.0007236963,-0.000911057,-0.00052202493
2020-03-10 00:00:00,0.00754451,0.0019432157,-0.0035164878,-0.00040099863,-0.000261046,0.0008272305
2020-03-11 00:00:00,0.008534886,0.0012969971,-0.0042673275,-0.0009847516,0.00027305633,0.0010668635
2020-03-12 00:00:00,0.011353359,0.002181366,-0.0061288327,-0.0021300847,0.0006438941,0.0016373843
2020-03-13 00:00:00,0.015633732,0.0048643798,-0.009397954,-0.003729337,0.0014566705,0.0030960739
2020-03-16 00:00:00,0.015226312,0.0046169236,-0.0096901655,-0.0046992237,0.0028158724,0.005149275
2020-03-17 00:00:00,0.016586877,0.006377436,-0.010686435,-0.0058659995,0.0024209693,0.006573856
2020-03-18 00:00:00,0.017541282,0.006288007,-0.011805892,-0.0058034295,0.0013453662,0.008363329
2020-03-19 00:00:00,0.020325594,0.0074784607,-0.013716772,-0.0060527558,0.00031437352,0.009431187
2020-03-20 00:00:00,0.021470167,0.00733836,-0.014154322,-0.0064058984,0.00033532083,0.009620093
2020-03-23 00:00:00,0.02229841,0.007385388,-0.013385713,-0.0067791278,0.0006996095,0.009537969
2020-03-24 00:00:00,0.023485042,0.006809786,-0.012905188,-0.0071548754,0.00069560856,0.008435428
2020-03-25 00:00:00,0.022762798,0.0045885295,-0.012325078,-0.007464179,-5.415827e-05,0.008324396
2020-03-26 00:00:00,0.021020897,0.0034526438,-0.012253605,-0.007864692,-0.0009444952,0.008217961
2020-03-27 00:00:00,0.018936075,0.002947703,-0.0127812475,-0.0085096145,-0.0023257583,0.008408379
2020-03-30 00:00:00,0.019050166,0.003939472,-0.0144415945,-0.009246656,-0.003529258,0.008389175
2020-03-31 00:00:00,0.018845849,0.004120201,-0.015623838,-0.010104292,-0.0044238046,0.0082337335
2020-04-01 00:00:00,0.019237421,0.0046692863,-0.01637359,-0.010496431,-0.0051919855,0.008098591
2020-04-02 00:00:00,0.019998394,0.005966887,-0.017454296,-0.010556036,-0.006928295,0.008636232
2020-04-03 00:00:00,0.019556738,0.0066497773,-0.017936058,-0.01011812,-0.008925047,0.009950582
2020-04-06 00:00:00,0.01887361,0.0073798373,-0.019369736,-0.009828382,-0.010965299,0.01105376
2020-04-07 00:00:00,0.017289676,0.008136816,-0.020659752,-0.009411194,-0.012799151,0.012809858
2020-04-08 00:00:00,0.016741835,0.0089127645,-0.021661863,-0.009437823,-0.01416868,0.0142346285
2020-04-09 00:00:00,0.016562633,0.009109572,-0.022119723,-0.009411597,-0.014467351,0.014702164
2020-04-10 00:00:00,0.017128944,0.008601531,-0.021931745,-0.009348565,-0.014669273,0.014554586
2020-04-13 00:00:00,0.01766225,0.008717194,-0.021119408,-0.008811482,-0.01389344,0.014601987
2020-04-14 00:00:00,0.0182736,0.008325465,-0.019490167,-0.007581272,-0.013604302,0.014521893
2020-04-15 00:00:00,0.01809574,0.008706786,-0.018046804,-0.0063720653,-0.01402428,0.01524616
2020-04-16 00:00:00,0.019129775,0.008892544,-0.015720963,-0.0051534185,-0.013586979,0.014651194
2020-04-17 00:00:00,0.020573735,0.009522937,-0.014404699,-0.004137152,-0.013196535,0.014119156
2020-04-20 00:00:00,0.020466633,0.01031258,-0.013302475,-0.0029794956,-0.013045266,0.014380343
2020-04-21 00:00:00,0.020766847,0.011195928,-0.012655735,-0.002051116,-0.013246715,0.0148139
2020-04-22 00:00:00,0.022190146,0.012823962,-0.012058094,-0.0015784325,-0.012702517,0.015912589
2020-04-23 00:00:00,0.022751741,0.012831166,-0.011209078,-0.0007869983,-0.012599207,0.015521128
2020-04-24 00:00:00,0.022661127,0.013336182,-0.010056376,-2.4412759e-05,-0.013081558,0.014786638
2020-04-27 00:00:00,0.021747865,0.01377178,-0.008630455,0.00095017534,-0.013259515,0.014797561
2020-04-28 00:00:00,0.020918615,0.014707506,-0.007965557,0.0018359004,-0.014601767,0.015160084
2020-04-29 00:00:00,0.01974953,0.014277995,-0.006562628,0.0022494597,-0.015420169,0.014790848
2020-04-30 00:00:00,0.018180765,0.01340507,-0.005194418,0.0025060503,-0.015573077,0.015457861
2020-05-01 00:00:00,0.018797286,0.013180956,-0.005396463,0.0019041998,-0.01517272,0.01605789
2020-05-04 00:00:00,0.021115191,0.012167305,-0.004945092,0.0011796197,-0.014099814,0.015524991
2020-05-05 00:00:00,0.022877373,0.011167958,-0.0047995225,0.00032211747,-0.01234556,0.01516014
2020-05-06 00:00:00,0.023982085,0.009508558,-0.0033575892,0.00043864455,-0.010377072,0.013605267
2020-05-07 00:00:00,0.025140055,0.00870809,-0.0012917593,0.001021876,-0.008277789,0.012673244
2020-05-08 00:00:00,0.024824493,0.007292159,0.0015857518,0.0019593453,-0.007082708,0.0115803145
2020-05-11 00:00:00,0.02451896,0.0057996213,0.002710864,0.0024495116,-0.006201096,0.010357261
2020-05-12 00:00:00,0.02575425,0.0038748756,0.0036138818,0.0022320738,-0.004630685,0.008747138
2020-05-13 00:00:00,0.029124863,0.0016763583,0.004250139,0.00065470394,-0.0019245148,0.006867543
2020-05-14 00:00:00,0.034037583,-0.00030878186,0.0041187406,-0.0014677653,0.0019263774,0.0045822114
2020-05-15 00:00:00,0.03787289,-0.0024122521,0.0042374805,-0.003817455,0.0058651343,0.003437288
2020-05-18 00:00:00,0.039449506,-0.004586935,0.0043040887,-0.005734318,0.008277692,0.0031263381
2020-05-19 00:00:00,0.037379406,-0.0068753436,0.004936807,-0.0067553753,0.00969664,0.003160864
2020-05-20 00:00:00,0.03543908,-0.007983215,0.0046721697,-0.007823669,0.008748174,0.002163589
2020-05-21 00:00:00,0.03403806,-0.0088298395,0.0039978996,-0.009397083,0.008008346,0.000397861
2020-05-22 00:00:00,0.033628277,-0.010599002,0.0034486875,-0.010520109,0.007865354,-0.0027032942
2020-05-25 00:00:00,0.03550931,-0.012923375,0.0026379079,-0.011833684,0.0076135397,-0.0064131767
2020-05-26 00:00:00,0.039316215,-0.014968783,0.0034194067,-0.013333277,0.010525674,-0.008609831
2020-05-27 00:00:00,0.04217223,-0.017598107,0.004499823,-0.013923996,0.013791516,-0.009914279
2020-05-28 00:00:00,0.046172343,-0.01936017,0.005162403,-0.0151347155,0.016295373,-0.012001574
2020-05-29 00:00:00,0.04940156,-0.020823628,0.0053473413,-0.016057327,0.018216357,-0.013852462
2020-06-01 00:00:00,0.052603833,-0.020711452,0.005395323,-0.016212285,0.018843442,-0.015984818
2020-06-02 00:00:00,0.051308952,-0.021445006,0.0063471943,-0.01560849,0.017978951,-0.017329827
2020-06-03 00:00:00,0.052008323,-0.020807564,0.0068876445,-0.015534216,0.017066136,-0.017699651
2020-06-04 00:00:00,0.05058237,-0.022317588,0.0070202798,-0.015532107,0.01656121,-0.017149635
2020-06-05 00:00:00,0.048862644,-0.025264606,0.0067513287,-0.01584819,0.015339658,-0.017897591
2020-06-08 00:00:00,0.050480433,-0.026021287,0.0043429136,-0.017185353,0.013805166,-0.019223556
2020-06-09 00:00:00,0.049545683,-0.027595222,0.0029584616,-0.01759269,0.012780279,-0.020157397
2020-06-10 00:00:00,0.049898736,-0.0266276,0.002242498,-0.018739209,0.012266338,-0.022241302
2020-06-11 00:00:00,0.046688743,-0.02658534,0.003177613,-0.018502355,0.0107489675,-0.022969104
2020-06-12 00:00:00,0.047635026,-0.02421686,0.0031103715,-0.0176007,0.007891402,-0.023180954
2020-06-15 00:00:00,0.046703108,-0.022922814,0.0034940615,-0.015782416,0.005281061,-0.02219642
2020-06-16 00:00:00,0.046990387,-0.02175033,0.004358679,-0.0146804685,0.005156487,-0.020382144
2020-06-17 00:00:00,0.049167506,-0.020373583,0.004213378,-0.01419402,0.0053545535,-0.02002091
2020-06-18 00:00:00,0.052558906,-0.01899153,0.004385829,-0.014483594,0.0071999133,-0.019351691
2020-06-19 00:00:00,0.054829963,-0.017455056,0.0043353736,-0.014217221,0.007652536,-0.019479938
2020-06-22 00:00:00,0.054703735,-0.016615272,0.005499311,-0.013007135,0.0075833127,-0.018645719
2020-06-23 00:00:00,0.05375787,-0.01420334,0.0070158467,-0.0110926265,0.0070227534,-0.017369851
2020-06-24 00:00:00,0.051129527,-0.0120029,0.008623533,-0.0090414295,0.0054121166,-0.015796252
2020-06-25 00:00:00,0.04901939,-0.009229839,0.009982407,-0.0073329443,0.004219584,-0.014170088
2020-06-26 00:00:00,0.047901295,-0.0072607324,0.00995478,-0.00711462,0.0039448887,-0.013053566
2020-06-29 00:00:00,0.04797978,-0.005892664,0.009297788,-0.007397332,0.003603734,-0.01180204
2020-06-30 00:00:00,0.04806236,-0.0055143908,0.009813361,-0.007665054,0.0044992715,-0.0109760985
2020-07-01 00:00:00,0.04679621,-0.005223714,0.010116339,-0.0072213793,0.004185848,-0.009306222
2020-07-02 00:00:00,0.04452298,-0.00443881,0.011027381,-0.0061614746,0.0034646094,-0.0080204755
2020-07-03 00:00:00,0.041328944,-0.0031015128,0.011871293,-0.0046302387,0.0021844432,-0.007086396
2020-07-06 00:00:00,0.0386556,-0.0018055141,0.011740528,-0.0032855207,0.00032027066,-0.0068172812
2020-07-07 00:00:00,0.034939565,-0.0013383552,0.011779174,-0.0020368407,-0.0013939962,-0.006200999
2020-07-08 00:00:00,0.032111965,-0.0010579899,0.012170568,-0.0008483166,-0.0026313066,-0.005871102
2020-07-09 00:00:00,0.029134877,-0.001537405,0.011741489,-0.00030721072,-0.003146477,-0.004415676
2020-07-10 00:00:00,0.025870048,-0.0021683648,0.011443354,-0.0004571015,-0.0027502105,-0.003256537
2020-07-13 00:00:00,0.02253478,-0.0028872713,0.010866478,-0.0010062242,-0.0026325658,-0.0030649006
2020-07-14 00:00:00,0.018969811,-0.0031507686,0.010144755,-0.0011871392,-0.0032178238,-0.0032403916
2020-07-15 00:00:00,0.014996387,-0.0038736984,0.009503484,-0.0013094777,-0.0038960055,-0.0041888133
2020-07-16 00:00:00,0.013099752,-0.0036430508,0.008349903,-0.0015402967,-0.00497324,-0.0043966025
2020-07-17 00:00:00,0.012029238,-0.0032842234,0.007985413,-0.0015051449,-0.005705565,-0.0035295337
2020-07-20 00:00:00,0.011808999,-0.0031735823,0.007862985,-0.0011457587,-0.0069104806,-0.0027243346
2020-07-21 00:00:00,0.011000477,-0.0035513341,0.008630246,-0.0008917535,-0.0061612427,-0.00193768
2020-07-22 00:00:00,0.011223458,-0.003750451,0.00835143,-0.00074247364,-0.005642958,-0.001435563
2020-07-23 00:00:00,0.010784991,-0.003621228,0.007443309,-0.0012145871,-0.0051270425,-0.00206995
2020-07-24 00:00:00,0.00836549,-0.0042823777,0.0072743446,-0.001459443,-0.005218506,-0.0025560409
2020-07-27 00:00:00,0.006364621,-0.004293978,0.0061641335,-0.0014328295,-0.005223073,-0.0025235265
2020-07-28 00:00:00,0.0039872304,-0.004549399,0.0059561953,-0.0008293623,-0.005464308,-0.0023132265
2020-07-29 00:00:00,0.0033292994,-0.0044925585,0.0052052215,-0.00093656126,-0.0054956228,-0.0017659515
2020-07-30 00:00:00,0.0028129518,-0.0050913095,0.004364513,-0.0011851573,-0.004798241,-0.0018382743
2020-07-31 00:00:00,0.00467737,-0.004626222,0.0021801442,-0.0021283412,-0.004132673,-0.0022670776
2020-08-03 00:00:00,0.00573951,-0.0047109947,0.0014571026,-0.0029021138,-0.0038825423,-0.0029319525
2020-08-04 00:00:00,0.0059677064,-0.00492464,0.0012256354,-0.0031948471,-0.004358433,-0.0033314303
2020-08-05 00:00:00,0.005797416,-0.005195722,0.0015095174,-0.002952003,-0.00484059,-0.0034960732
2020-08-06 00:00:00,0.005891837,-0.0060924217,0.0022129193,-0.0025278712,-0.0053090975,-0.0034987926
2020-08-07 00:00:00,0.0064616427,-0.006755993,0.0026364326,-0.0025157714,-0.005524583,-0.003971532
2020-08-10 00:00:00,0.0074518174,-0.006936729,0.0025130138,-0.0028945142,-0.0051161945,-0.0043792427
2020-08-11 00:00:00,0.009157822,-0.006635472,0.0025212318,-0.0029856348,-0.0048557594,-0.005247481
2020-08-12 00:00:00,0.01014661,-0.007104896,0.0027526394,-0.0029191906,-0.00409884,-0.0052479506
2020-08-13 00:00:00,0.010912396,-0.007120535,0.0032244623,-0.0022589648,-0.0042173117,-0.005348876
2020-08-14 00:00:00,0.011563577,-0.006868176,0.0030786544,-0.001850971,-0.0045736283,-0.005006507
2020-08-17 00:00:00,0.012191236,-0.006167829,0.0031443536,-0.0017616088,-0.00404384,-0.0044606924
2020-08-18 00:00:00,0.012750618,-0.0055644885,0.0026700199,-0.0019092793,-0.0043165535,-0.004666686
2020-08-19 00:00:00,0.012731679,-0.0044207424,0.0020882785,-0.0020121718,-0.004626386,-0.004802786
2020-08-20 00:00:00,0.0127488,-0.0033261701,0.0011651665,-0.002117538,-0.0046798363,-0.0042093545
2020-08-21 00:00:00,0.012785874,-0.0018470287,0.00020998716,-0.0024759257,-0.004074104,-0.003080465
2020-08-24 00:00:00,0.01286754,-0.0013668463,-0.0014953762,-0.0028361315,-0.0050724074,-0.002173528
2020-08-25 00:00:00,0.012744479,-0.00060766935,-0.0022675544,-0.0025063688,-0.005752355,-0.0011320338
2020-08-26 00:00:00,0.012655593,0.00017789751,-0.0026358068,-0.0019641304,-0.006216526,-0.00016918033
2020-08-27 00:00:00,0.011955045,0.00035031885,-0.0027067363,-0.0016351873,-0.0065463632,-0.00018179417
2020-08-28 00:00:00,0.011770889,-0.00014147162,-0.0025194436,-0.0015918398,-0.0058980286,-0.00041362643
2020-08-31 00:00:00,0.011757001,-7.508695e-05,-0.0020148829,-0.001198479,-0.0052404106,-0.0011266246
2020-09-01 00:00:00,0.011710271,-0.0003484115,-0.0015920699,-0.00074368063,-0.004584588,-0.0015856996
2020-09-02 00:00:00,0.011322133,-0.00079222023,-0.001087904,-0.0007266486,-0.0031462312,-0.0016132668
2020-09-03 00:00:00,0.01019901,-0.001341641,-0.0009436086,-0.0005469406,-0.0029475987,-0.0017630458
2020-09-04 00:00:00,0.008952595,-0.0019776896,-0.001062125,-0.00091574434,-0.0027317107,-0.0016346946
2020-09-07 00:00:00,0.008946784,-0.0016958788,-0.0020349845,-0.0014487887,-0.003754422,-0.00211747
2020-09-08 00:00:00,0.007906757,-0.0017845854,-0.0027451143,-0.0016139532,-0.005413674,-0.002684921
2020-09-09 00:00:00,0.008384243,-0.00040780008,-0.0030638129,-0.0019077742,-0.0058004633,-0.0022350997
2020-09-10 00:00:00,0.008006789,-0.00013017654,-0.0028225183,-0.0013770098,-0.00600978,-0.0018919259
2020-09-11 00:00:00,0.008230902,0.00062283874,-0.002970904,-0.000912779,-0.0066230223,-0.0015150905
2020-09-14 00:00:00,0.008129828,0.0011309162,-0.0031235293,-0.00076171104,-0.006009482,-0.0013319179
2020-09-15 00:00:00,0.008135185,0.001243338,-0.0034644082,-0.00050505344,-0.0059944615,-0.0016750842
2020-09-16 00:00:00,0.00725656,0.0007738322,-0.0036135986,-0.000596025,-0.006018825,-0.002085261
2020-09-17 00:00:00,0.0065704733,-8.997321e-05,-0.0038113892,-0.0006743008,-0.0064867735,-0.0022504628
2020-09-18 00:00:00,0.0061897337,-0.00029411912,-0.0039793104,-0.00061798934,-0.006676927,-0.0027324557
2020-09-21 00:00:00,0.005503498,-0.00073856115,-0.0031420216,-6.31595e-05,-0.006314501,-0.0029355139
2020-09-22 00:00:00,0.0056338683,-0.00011911988,-0.003316529,0.00017150398,-0.005737163,-0.002473168
2020-09-23 00:00:00,0.005772844,-0.00014586747,-0.0033096522,0.00026097056,-0.005622901,-0.002003029
2020-09-24 00:00:00,0.006677732,0.00056539476,-0.0039492995,0.0005515283,-0.0062205046,-0.0010769442
2020-09-25 00:00:00,0.008084916,0.001393497,-0.0048448145,0.00035206135,-0.0059804767,5.224347e-05
2020-09-28 00:00:00,0.0084292665,0.0013606846,-0.0047894716,0.0001806831,-0.0062098578,0.0008626133
2020-09-29 00:00:00,0.008397825,0.0011626855,-0.0043806955,0.00036509987,-0.006741978,0.00075906515
2020-09-30 00:00:00,0.008262455,0.000908345,-0.0040979683,4.8837624e-05,-0.0072344244,0.0012683421
2020-10-01 00:00:00,0.0077263042,0.00028655678,-0.0032197982,-0.00012023095,-0.0069949925,0.00086642057
2020-10-02 00:00:00,0.00658603,-0.0009911135,-0.0026517585,-0.00011038128,-0.007331148,0.00026157498
2020-10-05 00:00:00,0.0056135356,-0.0014973357,-0.0023063645,-0.0004940713,-0.0069997236,0.00040008128
2020-10-06 00:00:00,0.004792817,-0.00244385,-0.0027283356,-0.0009665275,-0.006557308,0.00024087727
2020-10-07 00:00:00,0.0045109093,-0.002710238,-0.0036081672,-0.00177423,-0.0064195916,5.120039e-05
2020-10-08 00:00:00,0.003998123,-0.002229102,-0.0039893463,-0.0023196721,-0.0059278905,0.00032743067
2020-10-09 00:00:00,0.003383018,-0.0019411817,-0.0042768344,-0.0025920654,-0.0065618902,0.00042381883
2020-10-12 00:00:00,0.0032832697,-0.001736559,-0.0048593357,-0.0028679157,-0.007005818,3.7536025e-05
2020-10-13 00:00:00,0.0028584301,-0.0015737414,-0.004539788,-0.0027376497,-0.007337041,-0.00010049343
2020-10-14 00:00:00,0.002313286,-0.0013568774,-0.00416933,-0.0027266527,-0.0071164295,-0.00024300814
2020-10-15 00:00:00,0.002962418,-0.0013675019,-0.0043907315,-0.0028852308,-0.0072255433,-0.00038310885
2020-10-16 00:00:00,0.0031868443,-0.0019844025,-0.004388958,-0.0030342722,-0.0067994073,-0.0003335774
2020-10-19 00:00:00,0.0030085295,-0.003086172,-0.004190594,-0.0030794227,-0.0064562857,-0.0004582256
2020-10-20 00:00:00,0.0036647618,-0.0031923205,-0.003926024,-0.0028123343,-0.0062390342,-0.0005348101
2020-10-21 00:00:00,0.0037334785,-0.0032476038,-0.0031618923,-0.0021798993,-0.0056555495,-0.00060749054
2020-10-22 00:00:00,0.004359305,-0.002634436,-0.0030050725,-0.0016241753,-0.0058220625,-0.0010768101
2020-10-23 00:00:00,0.0042431653,-0.002933748,-0.0027755797,-0.0012140358,-0.0059119835,-0.0012022778
2020-10-26 00:00:00,0.0047626346,-0.0024982244,-0.0022463575,-0.00088528637,-0.005600013,-0.0009974167
2020-10-27 00:00:00,0.0059034526,-0.0016894192,-0.0021417513,-0.000893184,-0.0047632083,-0.0009492487
2020-10-28 00:00:00,0.006618783,-0.0013510436,-0.0025260672,-0.0010204697,-0.0043795183,-0.00040891021
2020-10-29 00:00:00,0.007291414,-6.8336725e-05,-0.0035871193,-0.0015006745,-0.004627973,0.00063014776
2020-10-30 00:00:00,0.0071523115,0.0006610006,-0.0045820028,-0.0014717067,-0.0058901906,0.0015657321
2020-11-02 00:00:00,0.007968061,0.0015849173,-0.005960636,-0.0016904557,-0.0069792643,0.0023223683
2020-11-03 00:00:00,0.008164562,0.0014342815,-0.006305665,-0.0016137445,-0.007378362,0.0023361892
2020-11-04 00:00:00,0.008500837,0.00087855756,-0.0059599355,-0.001076349,-0.007655099,0.0016919896
2020-11-05 00:00:00,0.006887786,-0.00029007345,-0.004431948,-0.00092244986,-0.006589532,0.0009930059
2020-11-06 00:00:00,0.006249152,-0.0014470518,-0.0037487373,-0.0008539343,-0.006316699,0.00034161657
2020-11-09 00:00:00,0.005978413,-0.0026930273,-0.0039208233,-0.0008807862,-0.007018395,-0.0005670935
2020-11-10 00:00:00,0.0049830005,-0.0041817576,-0.0041178465,-0.0011442387,-0.0072837695,-0.000534676
2020-11-11 00:00:00,0.0056441054,-0.0058602095,-0.0043430105,-0.0014970386,-0.008221,-0.00081221014
2020-11-12 00:00:00,0.0053039193,-0.006960653,-0.0038773715,-0.0018019462,-0.00840386,-0.00050736964
2020-11-13 00:00:00,0.0059378445,-0.007480398,-0.00398881,-0.0022462392,-0.009554639,-0.00033599883
2020-11-16 00:00:00,0.005988471,-0.0074185356,-0.0042893887,-0.0026169503,-0.010149702,0.000119417906
2020-11-17 00:00:00,0.0043587163,-0.007184908,-0.0044,-0.0027187252,-0.01126992,0.00087065995
2020-11-18 00:00:00,0.0028926656,-0.006559767,-0.004233308,-0.0026582265,-0.012423843,0.0018659756
2020-11-19 00:00:00,0.0021780804,-0.0056457818,-0.004227832,-0.002818563,-0.013334885,0.0030675903
2020-11-20 00:00:00,0.0010944754,-0.0051677227,-0.0037026405,-0.0028777504,-0.013855338,0.004029773
2020-11-23 00:00:00,0.00094532967,-0.0050381944,-0.0038013533,-0.003000387,-0.014862888,0.0044322237
2020-11-24 00:00:00,0.0004138276,-0.0049690455,-0.0034796298,-0.0033594454,-0.015163183,0.005317256
2020-11-25 00:00:00,-0.0009939596,-0.004990965,-0.0029745176,-0.0027901614,-0.016662322,0.0057814717
2020-11-26 00:00:00,-0.0016170368,-0.004395582,-0.0024061054,-0.0021642232,-0.017660312,0.006048143
2020-11-27 00:00:00,-0.0025970787,-0.004162252,-0.0015821755,-0.0015105987,-0.018024772,0.0065675452
2020-11-30 00:00:00,-0.0029450431,-0.0032142922,-0.001114361,-0.0012828493,-0.01824008,0.0065958947
2020-12-01 00:00:00,-0.0012988821,-0.0015081167,-0.0016387329,-0.0012570703,-0.018886246,0.006911427
2020-12-02 00:00:00,-0.0016157255,-0.0015396029,-0.0016218051,-0.0009010816,-0.019598685,0.007263951
2020-12-03 00:00:00,-0.0010255873,-0.0016177297,-0.0015861243,-0.0004662359,-0.020395286,0.0069894046
2020-12-04 00:00:00,-0.0015243813,-0.0017231405,-0.0005977005,0.00010796543,-0.020517908,0.0073957443
2020-12-07 00:00:00,-0.0019255653,-0.002035819,4.3295324e-05,0.00081779715,-0.021573544,0.007406272
2020-12-08 00:00:00,-0.0013538823,-0.0020315647,0.00050099194,0.0011831438,-0.021848023,0.006695546
2020-12-09 00:00:00,-0.00014422089,-0.0013840795,0.00077389926,0.001884303,-0.021847203,0.0061778575
2020-12-10 00:00:00,0.0003309697,-0.001004234,0.00063758343,0.0024871146,-0.021701649,0.0061079413
2020-12-11 00:00:00,0.0004203841,-0.0010099262,0.0015513822,0.003386668,-0.02108442,0.0067899004
2020-12-14 00:00:00,4.7273934e-05,-0.0010236055,0.0019403473,0.0038793897,-0.02053488,0.00800354
2020-12-15 00:00:00,-0.0008325577,-0.0017191768,0.001816988,0.0042489385,-0.021511912,0.00855469
2020-12-16 00:00:00,-0.0010325611,-0.002116233,0.0012177229,0.004149071,-0.021727152,0.008372754
2020-12-17 00:00:00,-0.0024358109,-0.0028785542,0.0005787462,0.0038742637,-0.022357687,0.008014515
2020-12-18 00:00:00,-0.0031841025,-0.003308557,-0.0003883615,0.0037248647,-0.023031466,0.0072618537
2020-12-21 00:00:00,-0.0029503554,-0.0032178015,-0.0008977875,0.0037031686,-0.02294948,0.0067826137
2020-12-22 00:00:00,-0.002341427,-0.0023278743,-0.00071433187,0.003860644,-0.02181805,0.006722085
2020-12-23 00:00:00,-0.0025689378,-0.002199769,0.00073003024,0.0045649027,-0.02051296,0.0067845583
2020-12-24 00:00:00,-0.0019493401,-0.0016483516,0.0011090711,0.005054853,-0.02023179,0.0070395917
2020-12-25 00:00:00,-0.0013731644,-0.0007343739,0.0015838072,0.0052289283,-0.019773237,0.0075261295
2020-12-28 00:00:00,-0.00086089224,-0.00037631392,0.0015853643,0.005158893,-0.019372717,0.007852487
2020-12-29 00:00:00,-0.00028783828,-0.00032415986,0.0015833378,0.004692427,-0.018833846,0.007852629
